iso3c,1,2,3,4,5,6,7,8,9,10,11,12,13,14,15,16,17,18,19,20,21,22,23,24,25,26,27,28,29,30
BES,8285.081312,13377.08245,19499.64626,26880.3789,28771.98177,29496.20362,29821.62731,30092.31874,30183.38445,30233.2494,30261.79931,30279.74137,30801.36345,32458.01272,33786.53011,35701.76595,36938.19758,38487.53505,39466.32233,40608.68594,41851.95862,43467.8018,44945.22961,46093.30944,47553.56979,48799.10753,50551.36204,52484.19071,55728.77906,59414.61097
IND,425.8198231,520.2972782,2378.433777,23387.8398,73243.85476,149745.3598,269280.9256,380378.1428,467819.2813,536766.3235,623056.0086,697814.9775,767172.7724,823285.8176,876068.6507,930215.0784,993706.8927,1074903.684,1159115.929,1225948.392,1278991.019,1328211.589,1374459.078,1422462.196,1467805.127,1513445.266,1562410.829,1613894.548,1668987.208,1735545.087
AUS,1303539.613,1986858.975,2496042.575,2926904.014,3243398.686,3476440.827,3690656.191,3877033.158,4084471.715,4241805.615,4386493.536,4513618.953,4619080.819,4726739.993,4819185.979,4909293.404,5004368.188,5099669.265,5186604.615,5267316.373,5341211.8,5402951.196,5462826.376,5529085.773,5603409.374,5684958.566,5758411.091,5819164.847,5885808.194,5956085.671
LCA,59508.02607,93386.62301,130756.0472,154539.6771,170075.779,174725.5085,175107.3662,175107.3662,175107.3662,175107.3662,175107.3662,175107.3662,175107.3662,175107.3662,175107.3662,175107.3662,175107.3662,175107.3662,175107.3662,175107.3662,175107.3662,175107.3662,175107.3662,175107.3662,175107.3662,175107.3662,175107.3662,175107.3662,175107.3662,175107.3662
SYC,8910.024219,16505.48989,23464.10029,29459.81937,34429.86682,40286.96003,52028.66477,68501.67975,79194.47461,88437.22754,94152.63237,97285.03193,99877.70132,101385.6603,102329.5949,102744.4011,102990.1274,103055.7988,103070.2685,103070.2685,103070.2685,103070.2685,103071.683,103072.7325,103072.7325,103072.7325,103074.4567,103079.6143,103086.3412,103091.6899
TUV,1829.851164,1829.851164,1829.851164,1829.851164,1932.522238,2333.411856,2333.411856,2333.411856,2333.411856,2333.411856,2333.411856,2333.411856,2333.411856,2333.411856,2333.411856,2333.411856,2333.411856,2333.411856,2333.411856,2333.411856,2333.411856,2333.411856,2333.411856,2333.411856,2333.411856,2333.411856,2333.411856,2333.411856,2333.411856,2333.411856
PLW,24456.8407,26117.36632,27008.7245,27361.62137,27370.93871,27370.93871,27370.93871,27370.93871,27370.93871,27370.93871,27370.93871,27370.93871,27370.93871,27370.93871,27370.93871,27370.93871,27370.93871,27370.93871,27370.93871,27370.93871,27370.93871,27370.93871,27370.93871,27370.93871,27370.93871,27370.93871,27370.93871,27370.93871,27370.93871,27370.93871
TON,9054.903337,23792.63731,34732.16022,44726.85858,55582.00824,65098.05977,72462.27656,80944.01101,85734.27334,91829.28638,96532.71502,100615.8939,102204.3027,102388.9876,102551.2896,102871.6776,102995.2492,103011.9763,103057.676,103338.488,103588.2417,103811.2178,103870.1989,103919.9678,103932.6229,103940.2207,103940.2207,103957.8918,104054.655,104148.1913
TLS,154636.2113,301716.3356,388119.7469,416941.3498,431522.9064,444317.7543,456903.8054,468806.7001,481613.683,494351.0854,505896.1745,518631.8757,534506.9035,552199.7202,574569.6037,598314.6814,627902.7694,669200.9989,711631.6349,747751.7303,779207.2283,809639.3305,841275.6308,876780.3003,907897.566,939892.0047,969123.7217,998013.3352,1026053.207,1058085.349
HTI,1130669.686,1461218.122,1810041.493,2171916.483,2596009.83,2857224.519,3106273.139,3375217.04,3637738.626,3870101.611,4112680.71,4333339.612,4547068.882,4729863.184,4893688.388,5050890.957,5210798.592,5386440.667,5584909.098,5813334.279,6035356.348,6227894.798,6410698.788,6615062.986,6941717.416,7300828.71,7720413.18,8125148.096,8643699.428,9237390.529
KNA,37993.3442,52725.0891,57457.7065,59797.0534,60114.82802,60114.82802,60114.82802,60114.82802,60114.82802,60121.87282,60255.03344,60448.32623,61643.4208,62603.27051,64135.23036,64903.28075,65673.33977,65716.0014,65716.0014,65716.0014,65716.0014,65716.0014,65716.0014,65716.0014,65716.0014,65716.0014,65716.0014,65716.0014,65716.0014,65716.0014
HND,81670.77503,100777.3956,106107.98,110966.0076,117745.5937,124162.1603,138487.6915,162579.8589,182075.4806,207473.6116,232351.8713,247901.1596,262287.6009,278732.1466,292576.7077,309010.5933,325890.9009,345943.8828,362383.4305,382817.6694,395605.8382,409104.2109,421690.0274,431749.4486,445756.006,459460.88,470746.7897,479655.1896,488655.9854,497889.1287
CRI,21801.43996,35601.03959,50701.24306,67698.25106,83170.97212,97982.33605,112705.7102,128675.8471,147062.6762,173597.3088,200262.7597,233353.3502,275304.4462,308368.9204,338322.2149,358138.0975,378867.9634,396990.9728,419665.1426,444282.8867,470436.5398,498411.1391,533358.0086,573469.643,610565.5896,643784.0402,673427.6144,701138.9157,726997.1406,751100.9268
DOM,350264.4097,647486.2829,949988.742,1252049.53,1528477.011,1756117.204,1971102.25,2185474.923,2390631.512,2656289.535,2942331.985,3295638.798,3603175.628,4004521.147,4421051.408,4915639.558,5367020.607,5741014.532,6104065.317,6479190.419,6840569.674,7119059.189,7370495.747,7571912.306,7782739.577,7983989.77,8128342.827,8242158.573,8355665.098,8481260.267
TZA,302497.8725,443918.5326,595844.1585,729398.719,842063.4772,953505.1944,1098183.571,1271012.989,1490851.022,1738632.851,1991195.923,2192713.935,2381154.225,2604984.083,3021363.197,3501727.676,3967321.74,4588211.71,5206030.663,5878845.333,6339484.195,6691903.129,7025697.977,7311944.276,7654341.059,7961035.839,8305045.315,8580391.578,8798121.191,9021553.318
KEN,225410.1422,421278.6252,650345.2722,916424.7796,1194085.548,1345978.399,1467077.989,1569887.733,1671612.321,1774481.321,1872120.603,1975725.09,2043559.04,2110283.299,2166921.317,2215970.014,2271345.804,2324177.345,2384532.467,2451229.994,2516686.444,2591660.515,2662131.538,2730534.395,2809287.926,2876192.656,2934137.479,2983099.873,3034137.048,3081029.749
CUB,563481.7334,800911.2783,1039604.993,1284934.984,1530957.107,1803339.954,2057980.548,2320762.54,2591773.004,2863671.841,3130329.969,3377234.664,3649000.732,3889477.558,4116604.709,4318043.352,4545495.397,4760783.768,4973498.261,5173094.763,5366245.469,5556312.784,5740510.139,5936883.53,6131367.586,6335174.33,6525647.378,6701730.137,6880914.556,7047122.971
MTQ,649821.2982,749046.7976,816009.0946,866068.6986,900394.5091,921276.032,934385.2575,939539.8773,943073.3343,945116.7195,945757.4814,945779.6567,945786.7088,945874.8571,946062.7229,946858.703,948885.4533,951766.086,955220.9682,960170.084,965798.3652,972666.1279,979098.2843,988033.5125,996177.6123,1006112.175,1019990.279,1038145.955,1056556.987,1067622.29
MAF,31183.87866,42678.17872,54918.41175,63550.55449,70650.14587,75549.37186,76628.76147,77908.1504,79851.52081,83828.03271,87056.01703,89619.81354,90527.25201,91258.15876,91370.14534,91382.67195,91399.97701,91413.51115,91424.58458,91427.03369,91446.44008,91539.1251,92298.80979,93361.84896,94945.29995,96973.49124,99748.37006,101273.0195,102676.1703,102964.9709
ZAF,43348.67059,71673.74415,98327.90255,125593.1275,147521.9192,167023.7908,185460.3693,206661.194,240392.5069,266400.148,288370.7582,311554.2503,337302.7045,356491.9055,370943.3116,385295.5094,404102.4766,419026.6964,434014.0799,448985.7875,463509.8318,475051.6769,487594.2296,498901.0872,510944.8273,523935.8742,538042.1338,549546.0396,560965.5158,574457.2008
GLP,535769.1779,651783.8009,744059.8778,816691.4426,870448.7107,903851.1215,924199.5043,935661.3995,941526.6632,944512.8022,945704.833,945779.6567,945786.7088,945874.8571,946062.7229,946858.703,948885.4533,951766.086,955220.9682,960170.084,965798.3652,972666.1279,979098.2843,988033.5125,996177.6123,1006112.175,1019990.279,1038145.955,1056556.987,1067622.29
REU,28407.39202,46107.52301,66183.87593,85611.27703,104344.898,124184.3008,146599.9073,168028.4447,193832.551,222030.5477,256896.5561,282481.2587,308340.22,327655.6857,346251.5129,365655.0948,384215.1896,403074.4014,422832.203,444645.798,467773.8099,491839.2816,516355.0362,539480.665,564686.9058,589036.839,613330.7602,638213.1042,662221.5356,686419.0436
IDN,1980710.211,2998872.71,3841585.215,4638773.83,5433039.103,6218680.868,7029446.415,7835524.15,8711788.541,9653213.653,10728173.81,11885714.59,13096027.45,14397861.78,15861760.16,17484718.73,19210151.82,21031018.29,22929251,24902483.81,26892374.53,28918222.19,31020753.52,33066984.8,35312299.15,37472448.8,39713970.14,41893749.49,44051434.2,46139077.2
JPN,963368.1355,1577627.994,2031612.015,2330594.156,2507705.866,2603810.478,2681606.328,2751281.358,2808666.17,2861416.256,2912361.443,2952464.835,2987380.628,3012076.05,3032019.986,3054195.52,3074304.096,3093165.808,3109444.282,3126651.924,3144463.089,3165654.625,3184590.312,3204795.711,3230792.571,3256398.112,3282477.232,3317375.556,3358739.238,3394627.626
FJI,89114.94406,125812.8637,155201.1223,196612.692,236924.2069,285198.1408,331828.6902,387223.125,448403.463,494961.4135,541463.7885,580100.3235,629483.1789,676561.4079,695599.1769,711610.1532,730823.0505,754669.7822,779451.8824,813667.3961,844519.2362,857229.388,864393.5898,870219.7577,874266.8928,877803.7176,881238.9324,884698.631,888120.7069,890832.5961
MOZ,1042734.552,1087938.555,1129205.156,1168623.419,1206914.154,1244423.806,1279421.005,1322068.406,1371631.546,1419435.974,1467734.553,1514821.678,1579102.845,1656070.441,1736189.875,1817734.183,1902295.684,1991396.831,2075970.487,2157349.252,2242431.168,2320809.303,2395204.721,2476788.95,2570555.114,2677728.028,2818508.415,3021343.77,3258988.2,3495840.85
PHL,2516064.227,3541429.378,4424816.482,5340266.056,6316773.632,7221581.393,8129422.584,9036559.847,9934760.859,10822422.93,11674467.15,12597811.39,13519700.66,14497683.66,15587855.86,16685553.07,17766892.26,18921989.33,20042213.73,21123989.12,22203300.17,23253514.48,24243782.09,25198779.69,26138343.86,27051287.21,28016650.27,29027172.05,30170397.88,31418270
BHS,37888.3689,60373.67544,76570.65641,95149.9281,117453.1615,138672.2013,166440.6227,194243.7312,228979.5892,253281.557,278766.7942,296726.255,309982.9163,323902.8672,334710.1828,345435.5796,354161.4898,358623.6099,362544.1621,365769.3307,368496.9645,370501.9729,372770.9539,375013.5709,377083.7799,378840.9147,380248.4077,381697.3178,383274.2519,384319.45
BRA,1226483.182,1959184.207,2566375.215,3161605.795,3841372.889,4465408.999,4834680.68,5210540.019,5384870.161,5518827.525,5636452.59,5848860.21,6053347.861,6285761.196,6559858.79,6859488.328,7172652.153,7454773.875,7633437.782,7792212.085,7983266.666,8143028.334,8284927.612,8373284.485,8443842.223,8524811.062,8643199.613,8819770.471,8997597.907,9122238.963
COL,138974.0633,193236.1407,254321.9305,332289.9726,416370.9418,510207.7478,582106.3416,636611.9809,689135.0534,740232.8376,785484.0456,835666.4959,871710.2078,928909.4285,1005258.826,1069444.846,1154902.959,1229552.317,1354606.146,1460926.716,1610931.238,1763169.457,1905307.114,2021160.507,2132391.805,2198469.638,2245635.122,2289180.732,2337932.083,2397034.973
MDG,144466.6467,191412.3489,238784.1439,285212.5274,335087.9588,384225.3706,427813.3414,468454.1166,510217.37,571575.3251,638644.5417,721728.75,817421.546,928602.3218,1062731.634,1171189.629,1271856.472,1362369.852,1443052.428,1512401.085,1572657.327,1636258.959,1691883.592,1740296.516,1786318.398,1828011.731,1868009.347,1905847.692,1944136.929,1982598.459
SAU,463709.4781,537091.4991,613748.6022,683495.7399,757596.9899,834522.4117,914557.2668,989455.6855,1064803.934,1142864.457,1219918.652,1296103.864,1377538.873,1462496.919,1551916.837,1647926.383,1752200.226,1863929.423,1990258.386,2118839.566,2263861.001,2409874.871,2566214.866,2723775.68,2872736.668,3051535.787,3234607.737,3423887.082,3613198.541,3777958.852
ABW,8322.110129,26960.08394,36722.39133,42777.78533,48404.60701,57331.66441,65597.13529,77550.13519,86623.72538,99532.1002,107384.4456,112402.0294,114136.4863,115212.1799,115269.4663,115285.1966,115285.1966,115285.1966,115285.1966,115285.1966,115285.1966,115285.1966,115285.1966,115285.1966,115285.1966,115285.1966,115285.1966,115285.1966,115285.1966,115285.1966
VCT,13697.59839,25906.50224,36638.44179,46573.46735,55688.8484,63208.87723,70514.41711,74423.28512,78796.57876,82172.23805,86292.69398,89054.2233,93001.75496,96923.34584,99663.99907,101527.9079,103418.7872,105180.4389,106782.7641,108774.266,109833.8868,110867.1475,111490.21,112088.2683,112852.3311,113546.0163,114654.9651,115307.5817,115315.7058,115315.7058
GRD,35398.62732,64175.75233,78731.43479,89797.86344,94108.92441,97234.1706,99736.2222,104286.2981,105230.4182,105319.403,105319.9936,105336.1301,105387.9346,105471.7984,105480.5341,105483.7345,105483.7345,105483.7345,105483.7345,105485.5919,105897.4466,106542.4414,107273.1253,107632.5205,108149.8463,108274.6483,108315.4186,108315.4186,108315.4186,108315.4186
BLZ,13397.81034,36288.99438,83542.29848,123003.7184,177198.0497,207398.1314,232420.1587,244870.1866,256166.1438,263042.5357,270110.8615,277222.617,283950.886,290884.8995,297760.4441,306848.3021,317981.2911,330289.5624,340264.2264,351123.212,360642.1025,371650.9507,384373.6207,397784.3057,406734.8123,414587.4093,422354.2658,430824.3949,439934.1714,448286.0348
SDN,8042.700039,9843.107508,11567.64385,13214.45435,14656.13246,16059.53816,17343.55553,18598.54093,19837.75021,20981.06183,22040.52262,23055.57502,24038.57877,25022.02683,26040.71768,28056.67992,30630.08206,33497.18844,38192.54885,50094.05461,67861.43676,91280.33136,120320.3497,158180.0954,206929.8488,256633.2357,315618.2417,364128.0029,418120.7471,460504.1584
LKA,9335.069265,19558.5124,31567.22991,47154.96911,62000.42563,86495.46696,110971.1608,140235.7526,180813.4183,214811.2671,263576.4717,299989.5837,350536.6764,407258.2681,464505.2903,525372.4747,578168.4685,625650.3337,662549.9892,701082.8441,746533.3948,789834.1208,833645.8362,870642.1338,908425.5192,944074.5659,979720.6799,1025270.035,1056179.181,1087393.959
ATG,17765.40005,28196.30065,40247.24816,53291.58046,73180.12743,86668.27325,90803.25283,92944.78825,94354.49976,95315.3467,95456.35319,95456.35319,95456.35319,95456.35319,95456.35319,95456.35319,95456.35319,95456.35319,95456.35319,95456.35319,95456.35319,95456.35319,95456.35319,95456.35319,95456.35319,95456.35319,95456.35319,95456.35319,95456.35319,95456.35319
CUW,22052.53619,40539.60947,65700.87862,95904.07009,115579.5968,134057.8514,150811.5928,163565.8885,166618.8984,168614.5533,170047.4413,170966.0736,171286.3929,171356.2143,171417.671,171502.4389,171608.1454,171777.5185,171896.1068,172182.5606,172371.2843,172480.3632,172481.7441,172481.7441,172481.7441,172481.7441,172481.7441,172481.7441,172481.7441,172481.7441
QAT,23075.33916,30081.68362,40971.13246,51856.69751,72575.54532,96930.60127,115027.8419,129835.9993,148963.6664,167692.1125,193636.4905,215792.0687,235849.5812,255683.592,271619.2615,289971.2363,309416.0986,336165.0859,367594.6587,410022.4272,460351.6123,514057.646,583064.7682,716086.9803,957338.7346,1173644.258,1583499.812,1918633.283,2171003.316,2350713.911
EGY,139341.1282,200113.2013,233894.9003,255640.6126,269419.5543,281752.6697,295626.9359,310445.3655,325804.8172,344462.9787,363414.2484,382472.9579,396618.1631,411322.7286,424949.2471,435886.0491,451598.8745,468797.5525,481662.1751,491423.9026,498663.5966,504437.808,509697.951,514640.8949,519552.8667,524746.1708,530486.4849,536080.9775,543440.4415,550373.7303
JAM,331697.2945,457649.59,611375.9902,761245.7456,912613.7601,1072124.467,1237952.857,1376762.026,1515475.228,1630790.128,1717989.709,1790861.566,1853164.061,1907258.462,1958464.991,2001970.068,2040707.889,2076836.498,2115709.049,2157830.642,2194098.886,2232248.527,2268676.254,2311582.738,2357940.203,2397962.947,2435415.03,2473984.636,2508671.087,2545168.381
VNM,1528385.241,1992895.501,2389610.75,2759090.012,3109380.902,3416486.854,3731449.771,4029212.97,4401130.556,4733866.176,5127687.985,5535504.897,5955851.879,6329902.001,6691988.857,7004112.286,7309532.516,7606108.913,7897718.987,8192270.581,8491608.508,8812072.381,9193777.495,9612098.79,10080514.96,10574358.76,11005178.32,11452819.38,11845401.03,12239509.25
MYS,76983.88963,104888.807,124050.8879,160086.3119,223741.3701,302645.781,388083.5131,506554.7253,635534.131,741694.227,829016.7402,923053.3918,1015726.782,1112093.241,1198518.637,1282458.437,1367588.667,1451723.398,1556286.711,1644625.576,1723634.725,1809712.905,1913227.898,2060713.712,2202413.9,2346250.893,2492419.661,2646565.676,2781189.637,2895956.749
PAN,21657.70812,25257.9028,29002.8354,32157.68289,35511.44025,39627.22484,45624.7177,53564.46734,59403.96625,64703.65368,70599.31694,81661.94495,93312.19221,105407.022,119829.8144,135802.6927,156416.7738,208400.9813,288312.9225,379135.1213,507105.9589,602367.7645,695025.2432,807033.7166,916282.5856,1037250.074,1162211.647,1292905.04,1428297.846,1567668.517
VGB,7790.47394,19436.23623,27405.15741,32304.14484,34462.82735,34942.60148,35559.79867,37239.75852,39140.92512,44904.7457,52539.26788,59918.78966,67712.76387,73954.28726,78088.14248,84306.42647,87932.45868,89407.64368,89757.20006,90165.80574,90481.07542,90632.75174,90659.56156,90664.31976,90664.31976,90665.52555,90668.4698,90675.61356,90675.61356,90675.61356
CYM,26517.72353,48787.868,64615.40867,69962.08041,72568.42867,73828.03821,73877.24562,73877.24562,73877.24562,73877.24562,73877.24562,73877.24562,73877.24562,73877.24562,73877.24562,73877.24562,73877.24562,73877.24562,73877.24562,73877.24562,73877.24562,73877.24562,73877.24562,73877.24562,73877.24562,73877.24562,73877.24562,73877.24562,73877.24562,73877.24562
NCL,13128.3833,20811.57401,25974.78963,35641.31965,46612.01822,68691.6892,87652.35526,109217.9029,128176.7362,147387.2945,164088.0802,175729.6706,184107.6674,191715.84,200670.5215,208295.5145,214179.9867,217924.4243,221238.5742,224401.1122,227503.4632,230471.3646,233668.3457,236919.4798,240557.4765,243989.151,247006.9529,249993.6122,252442.8482,254845.8401
CXR,1797.124955,2069.098158,2069.104805,2069.104805,2069.104805,2069.104805,2069.104805,2069.104805,2069.104805,2069.104805,2069.104805,2069.104805,2069.104805,2069.104805,2069.104805,2069.104805,2069.104805,2069.104805,2069.104805,2069.104805,2069.104805,2069.104805,2069.104805,2069.104805,2069.104805,2069.104805,2069.104805,2069.104805,2069.104805,2069.104805
CCK,0,0,0,0,0,0,0,0,0,0,0,0,0,0,0,0,0,0,0,0,0,0,0,0,0,0,0,8.991170883,32.20165825,351.4458141
MEX,115503.2724,386817.0187,670434.2138,1034767.982,1373018.896,1674106.61,1847801.353,2023654.416,2123884.7,2247185.653,2317243.758,2392878.91,2415662.583,2445607.751,2478288.697,2502553.193,2520655.952,2547534.325,2591073.519,2621819.147,2653155.435,2683186.262,2738988.203,2801355.344,2851723.436,2904975.863,2942816.057,2969380.7,2994844.059,3036599.729
ASM,15954.89126,29971.71835,38531.76241,51528.77841,56222.01487,56222.01487,56222.01487,56222.01487,56222.01487,56222.01487,56222.01487,56222.01487,56222.01487,56222.01487,56222.01487,56222.01487,56222.01487,56222.01487,56222.01487,56222.01487,56222.01487,56222.01487,56222.01487,56222.01487,56222.01487,56222.01487,56222.01487,56222.01487,56222.01487,56222.01487
FSM,0,0,0,0,0,0,0,0,0,0,0,0,0,0,0,0,0,0,0,0,0,888.8220604,20315.24186,29442.65328,37005.35381,45375.9306,59078.86287,66394.78204,71811.01619,75908.05787
TWN,21969.41511,32348.08357,36730.28968,39252.8105,42084.77135,45172.68909,51118.23383,55387.08664,59609.5231,62758.87022,68310.14677,76669.25702,90466.12374,103967.8338,118144.314,126360.4092,130413.7288,132696.4874,135057.5685,137311.3413,138123.9603,138962.5934,139679.338,140360.0643,140809.0959,141219.6603,141642.0849,142227.9861,143310.3288,144511.0805
PYF,4372.650922,5908.794437,6213.773384,6213.773384,6213.773384,6213.773384,6213.773384,6213.773384,6213.773384,6213.773384,6213.773384,6213.773384,6213.773384,6213.773384,6213.773384,6213.773384,6213.773384,6213.773384,6213.773384,6213.773384,6213.773384,6213.773384,6213.773384,6213.773384,6213.773384,6213.773384,6213.773384,6213.773384,6213.773384,6213.773384
PRI,47886.05567,108043.8288,185667.7886,300715.0053,421189.1618,570087.0086,741693.7994,892668.9636,1014727.463,1127872.5,1245982.415,1362692.85,1494347.286,1618756.494,1724795.536,1800606.777,1902194.651,2008744.902,2106322.956,2234486.208,2360836.229,2479932.722,2596261.321,2704737.624,2815326.105,2933281.604,3038758.877,3115929.513,3170347.726,3222783.025
VIR,73229.739,95052.67325,103285.4583,107465.6069,108618.3077,109501.8194,110919.9882,112838.5785,115628.3691,118859.5805,122406.3325,125176.0285,127636.763,129320.743,130733.6212,132323.3434,133055.2265,133552.0039,133820.5928,133979.5775,134018.1712,134045.6667,134137.4847,134720.532,135657.3976,135757.0448,135849.7775,136376.9236,138062.9848,138737.7606
DMA,2059.584229,4259.294809,6861.275538,10047.87019,13112.26414,17018.79435,22382.77519,29420.51837,35266.8988,38778.05709,42349.63038,45937.09601,48674.55795,50634.60486,53285.63295,56369.2817,58957.64799,61283.77962,63463.01419,65822.07719,66933.4813,68075.59951,68903.09241,69669.20204,70279.18448,70831.80101,71198.04656,71339.11698,71411.13374,72164.01458
AIA,965.8933538,2318.017186,5347.108205,10695.11508,13717.69769,14876.9964,14924.66015,14927.99045,14927.99045,14927.99045,14927.99045,14967.3989,16681.53799,23225.41254,29622.7678,41302.10284,50278.00673,62196.88693,71386.60501,82060.11303,88010.60737,90307.66532,91280.84076,91423.15384,91423.15384,91423.21121,91423.21121,91423.21121,91423.21121,91423.21121
TCA,10103.12925,20647.22703,30544.9479,38393.57949,42544.37248,43344.33075,43589.17388,43632.77225,43640.77642,43640.89014,43640.89014,43640.89014,43640.89014,43640.89014,43640.89014,43640.89014,43640.89014,43640.89014,43640.89014,43640.89014,43640.89014,43640.89014,43640.89014,43640.89014,43640.89014,43640.89014,43640.89014,43640.89014,43640.89014,43640.89014
TTO,6122.54042,10103.44105,14094.93148,17879.90146,22218.18511,26367.67741,30848.10624,35624.64255,41208.67693,44207.48963,46913.59204,49302.20969,51108.96387,52088.08192,52918.06454,53680.46693,54434.32835,55116.51345,55786.94899,56363.58229,56848.04479,57462.28819,58234.05141,59190.9464,60129.93093,61485.99789,62447.07761,63357.39659,63894.37084,64235.73218
COK,14466.66348,17198.91923,17846.68888,18004.48993,18004.48993,18004.48993,18004.48993,18004.48993,18004.48993,18004.48993,18004.48993,18004.48993,18004.48993,18004.48993,18004.48993,18004.48993,18004.48993,18004.48993,18004.48993,18004.48993,18004.48993,18004.48993,18004.48993,18004.48993,18004.48993,18004.48993,18004.48993,18004.48993,18004.48993,18004.48993
BLM,7280.666416,10880.12928,11551.72362,11561.1974,11565.32373,11565.32373,11565.32373,11565.32373,11565.32373,11565.32373,11565.3811,11565.3811,11566.30014,11574.47495,12374.83991,15457.37318,19459.49111,30746.3247,41111.92049,52073.63128,61818.83022,73134.16441,81074.56696,83560.01228,84865.70193,85204.16809,86813.24445,87630.11481,88025.31891,88232.5419
MNP,6703.84651,18062.41469,26153.89113,31049.39882,36900.55278,39044.90575,39098.182,39319.87318,39704.96355,40123.18272,40189.30893,40230.02039,40235.37582,40236.47465,40236.73094,40255.38254,40275.66756,40305.6083,40336.63483,40665.89399,41029.03326,42230.11679,42947.48865,43042.98659,43046.539,43048.43704,43048.45034,43048.45034,43048.45034,43048.45034
PNG,192092.1704,242361.6598,287585.2724,333337.2546,371345.1556,406636.3219,434756.5055,454407.2664,468504.7142,483893.7474,500984.3369,518335.3585,535104.6736,551504.5791,566665.7035,583213.2588,598203.9886,615996.1315,632544.3661,650598.0931,669072.1361,686883.7024,705959.4278,721907.6908,736027.6136,749773.214,763628.8984,777358.2817,791228.1384,804929.4528
KIR,27.5337992,27.5337992,27.5337992,27.5337992,27.5337992,27.5337992,27.5337992,27.5337992,27.5337992,27.5337992,27.5337992,27.5337992,27.5337992,27.5337992,27.5337992,27.5337992,27.5337992,27.5337992,27.5337992,27.5337992,27.5337992,27.5337992,27.5337992,27.5337992,27.5337992,27.5337992,27.5337992,27.5337992,27.5337992,27.5337992
SLB,6378.139229,12138.32204,16662.62789,22064.73431,28670.72705,35268.42097,39119.5996,42520.31792,45770.00282,48072.73636,50520.42341,52657.44514,54517.94699,56071.18721,57791.16692,60473.6544,62156.74577,64004.13303,65889.64872,67616.24694,69881.63239,71088.17483,72288.73313,73690.46663,74989.17454,76497.38377,78241.63708,80525.47361,83366.64378,84961.12899
DJI,32508.50929,89348.00923,147583.7442,230716.5038,297086.7687,378192.6186,443979.0069,484637.6563,511934.0859,539863.2912,588159.54,611096.0636,623639.943,634972.8496,646778.7963,659971.704,674242.7774,689028.9131,699403.2436,711023.0419,724475.8058,735041.5034,744148.8309,755338.0802,765478.8261,775888.8367,785555.671,794327.0573,803435.1995,812033.9302
COM,24887.45472,44896.38538,60902.31925,77681.90296,92624.42611,108320.4829,122112.5897,137151.5619,152416.3827,167360.2398,181896.9302,192431.4386,205010.9329,217926.466,230695.5812,244394.1469,257112.1999,269784.7677,282203.619,297186.8126,310333.8985,323151.2612,333532.9269,342321.5423,351116.817,358755.5855,365323.4692,372584.8947,378989.5808,385291.949
ARE,29003.70094,32735.4509,35829.43146,38694.68764,41442.59021,44169.33648,46872.65608,49527.85874,52326.51636,55640.77212,59089.87425,62711.63468,66446.3695,70701.17105,75082.48061,79965.29296,85618.02523,92218.75764,99501.40783,107437.1906,115769.6059,125087.7218,135874.0471,148578.6979,160580.0129,174916.3285,187286.5382,198564.8907,208870.5871,218678.4901
KWT,355.6295052,421.2719846,532.1666456,619.7698111,728.0388045,852.8271894,1053.308367,1338.505832,1438.122319,1438.122319,1438.122319,1439.018303,1448.912596,1448.912596,1448.912596,1448.912596,1448.912596,1448.912596,1448.912596,1448.912596,1451.915251,1572.756992,1794.899699,2223.769688,2708.367176,3263.815217,4174.091094,8887.471842,29079.37581,60233.52781
NIU,180.2310435,325.378289,535.5837506,783.0132376,1100.500889,1254.280627,1306.842076,1347.853868,1374.940131,1386.748793,1389.781675,1389.781675,1389.781675,1389.781675,1389.781675,1389.781675,1389.781675,1389.781675,1389.781675,1389.781675,1389.781675,1389.781675,1389.781675,1389.781675,1389.781675,1389.781675,1389.781675,1389.781675,1389.781675,1389.781675
USA,71307.11131,90506.22615,131168.7575,185636.9238,245022.6309,302210.0826,381535.8162,472663.0518,603166.6112,731054.6257,895619.2154,1088585.308,1295149.02,1509537.415,1739409.76,1970538.941,2163337.906,2383129.021,2586717.728,2797452.325,2980142.762,3154955.752,3339988.15,3526128.136,3693625.04,3863518.07,4010009.139,4163614.673,4303142.809,4472997.67
UMI,0,0,0,0,0,0,0,0,0,0,0,0,0,0,0,0,0,0,0,0,0,0,0,0,0,0,0,0,0,0
GUM,29344.84604,65316.29508,82951.24317,110365.6571,137744.3425,147838.1596,157885.1463,164345.8112,164797.4989,164797.4989,164797.4989,164797.4989,164797.4989,164797.4989,164797.4989,164797.4989,164797.4989,164797.4989,164797.4989,164797.4989,164797.4989,164797.4989,164797.4989,164797.4989,164797.4989,164797.4989,164797.4989,164797.4989,164797.4989,164797.4989
VUT,2656.705867,4407.123091,8732.842104,16482.40211,25715.9662,30273.11558,33600.42444,36104.64801,38362.4087,40456.18054,42550.26256,45196.41951,48771.15667,57081.04376,70230.09769,91910.79842,107060.3303,125824.5116,131136.5553,133919.3157,135652.0579,138493.1677,141876.3649,145492.6569,147388.6343,148707.0627,149743.3734,150807.5798,151721.3457,153281.7253
YEM,57864.04039,64946.9863,67321.74193,67529.55346,67602.35041,67633.99823,67639.62562,67639.62562,67639.62562,67639.62562,67639.62562,67639.62562,67639.62562,67639.62562,67639.62562,67639.62562,67639.62562,67639.62562,67639.62562,67639.62562,67639.62562,67639.62562,67639.62562,67639.62562,67639.62562,67639.62562,67639.62562,67639.62562,67639.62562,67639.62562
THA,207271.398,302576.5578,392730.7134,496652.7668,607927.8857,721232.7566,833496.7235,957919.3667,1068225.521,1196056.298,1324306.959,1452583.41,1584078.424,1741234.087,1908629.803,2074940.405,2257874.932,2409497.079,2567763.131,2753049.518,2954991.431,3149618.703,3328445.021,3482035.962,3625655.224,3748538.892,3866190.998,3969248.223,4068875.673,4153980.174
OMN,12672.83862,14087.71061,15309.09116,16469.54617,17789.0078,19009.6457,20488.27863,21950.36006,23412.33999,28988.26247,43215.00702,63457.54554,89661.5138,119718.9603,150255.7117,183377.4322,217736.0956,253021.6511,293782.7068,336120.4246,369207.0036,404199.535,436880.0394,471815.8096,504946.4991,540084.5354,575021.2096,610053.7221,642658.178,671177.831
IRN,48979.83626,59578.03294,70369.0151,85631.33142,110552.5255,134342.0468,164148.8684,197652.7871,228927.86,262202.1547,291163.4088,312134.7913,328888.1026,343344.7712,355448.0199,368426.5129,380868.3419,395153.4769,411869.0364,431038.2359,448263.6153,466570.0638,483231.8179,499459.6305,514023.3858,529541.876,545485.5916,561257.7328,575482.4907,595328.6715
KHM,22631.27306,33533.16604,45314.50002,66122.83129,94699.54078,119052.7381,140055.9522,160672.0249,167789.0748,171505.313,176515.8357,183419.4106,190101.2061,195911.418,202935.3062,206995.5765,210304.9974,213242.258,216581.0585,222212.6479,228247.4985,234040.2393,238701.1285,245812.9996,252827.8962,259709.2499,264266.3053,269109.5467,273567.9288,277985.9324
PCN,55.66987035,64.9133269,65.61655319,65.61655319,65.61655319,65.61655319,65.61655319,65.61655319,65.61655319,65.61655319,65.61655319,65.61655319,65.61655319,65.61655319,65.61655319,65.61655319,65.61655319,65.61655319,65.61655319,65.61655319,65.61655319,65.61655319,65.61655319,65.61655319,65.61655319,65.61655319,65.61655319,65.61655319,65.61655319,65.61655319
NIC,73424.59047,77351.81292,81170.76605,84910.39354,88524.7418,91871.04311,95223.44295,98750.45058,102309.0548,105853.8609,109589.9334,113282.3526,116941.9668,120259.7003,123751.4768,127590.2961,131260.3644,135162.2391,139005.1129,143004.0502,146791.3437,150646.0504,154480.866,158236.484,161957.8606,165738.2858,169534.9295,173564.0569,177428.7233,181309.8441
ERI,6992.801166,7104.179481,7177.114032,7225.032267,7262.197375,7290.804176,7310.570306,7334.126547,7375.780458,7436.81418,7458.561182,7464.931416,7484.748197,7526.685843,7614.522666,7737.048202,7853.263259,7934.651563,8075.698087,8285.123911,8522.270933,8782.023037,9056.17308,9342.253667,9610.977617,9837.840596,10084.41946,10331.42897,10581.07056,10840.24624
MUS,0,0,0,138.2679005,2613.407213,5188.445589,8913.364214,14573.78712,24694.8478,37892.56588,48971.75963,63088.20394,73079.97742,87831.00571,110718.3579,121807.7105,135704.5551,143809.4141,154735.0604,170575.6047,183520.0507,203887.6354,225589.2838,249430.9759,279355.8333,308162.0995,350365.9057,377891.9932,406428.3797,427878.2506
VEN,99092.43013,174498.775,267410.2122,349185.9223,449213.6724,552571.4209,640355.182,725245.4183,800167.8144,872957.0673,941433.9264,1012885.307,1076328.691,1136820.968,1192952.693,1241733.012,1287026.871,1321085.006,1358451.736,1403698.086,1454261.974,1503767.186,1553162.89,1600802.599,1639607.964,1683377.518,1723355.813,1770597.686,1822195.584,1879348.966
