"pred","Est.Error","Q2.5","Q97.5","SurveyID","bio_log","relative_change"
5.83706959922628,0.961840442816626,3.94066436369162,7.71550468616301,"ACEH1",5.51401726530318,0.944655048491126
6.09247365409811,0.966597849627726,4.20863451913017,7.9900695417068,"ACEH10",7.61958733419617,1.25065577084126
5.97406407839532,0.961265454216533,4.09268315886525,7.84543252777662,"ACEH12",7.91940425098932,1.32563095190578
5.90321863500171,0.965912144841155,4.01260808275137,7.80096477289342,"ACEH16",6.48893663425977,1.09922010948149
5.93445612513355,0.965702249000619,4.06597960401591,7.84043922325305,"ACEH17",7.62077157044301,1.28415669603952
5.93221971037646,0.963228708408093,4.04814273389209,7.81117307763737,"ACEH2",6.03073592993586,1.01660697417985
5.93345568919853,0.959124989843917,4.04896392883973,7.81252303005814,"ACEH20",7.72462708295844,1.30187659394181
6.04810187571212,0.961362663290581,4.16202228967777,7.93532346348932,"ACEH21",6.76491973468211,1.11851947498579
6.02335869865839,0.958861287931445,4.15536398177608,7.89237195553672,"ACEH22",7.56351387363225,1.25569707069195
6.10947565543887,0.966035507858871,4.20568415217313,7.99709531025798,"ACEH23",5.92256809851267,0.969406939733067
6.10955584932606,0.959740488553248,4.21747904472413,7.98985556422238,"ACEH24",5.46322044027886,0.894209100467018
6.06791806897664,0.966320927873233,4.18039385425859,7.95750835584355,"ACEH28",6.93930765468755,1.14360602364855
5.87187908486741,0.965403388162354,3.98295733675401,7.75681948033052,"ACEH3",5.95666946817345,1.01444007652074
5.88313799395216,0.961993060702461,4.01546198026613,7.78584012734064,"ACEH4",5.38420407260884,0.915192551686495
5.92071626814024,0.964926286004468,4.01618284396487,7.80885550957311,"ACEH7",5.95547557016188,1.0058707934053
5.95307798940036,0.959415205349272,4.08780731852972,7.84318340410241,"ACEH8",7.09581180873915,1.19195680308127
5.99124330288847,0.959467665047419,4.11879730846151,7.87092485134626,"ACEH9",5.24834214661508,0.876002172050796
6.32850574215941,1.05711932053478,4.25843012624749,8.39680821084194,"BRA10",7.01645302730119,1.1087061169209
6.25127310535996,1.05052698089978,4.20715202626754,8.3074756648348,"BRA8",5.9355082925427,0.949487919101388
6.2547527571442,1.0502132563991,4.19928256019899,8.33245329572046,"BRA9",6.31774734600755,1.01007147545383
5.32217802068337,0.94837674739204,3.4678812944458,7.19277384725806,"BZE1",4.19387911122358,0.788000531911009
5.31336549507401,0.94741137846658,3.46245682686584,7.16198519759884,"BZE2",4.38653836272635,0.825566840224541
5.28309645443223,0.947509212630458,3.42591869523795,7.14151989228665,"BZE3",6.94775956475769,1.31509231843172
5.52906098001242,0.94602713760763,3.66491424227132,7.38334725692328,"BZE4",6.00063989568373,1.08529095941898
5.36347476440007,0.946526697772251,3.49865373036624,7.22235030971108,"BZE5",6.86092471011066,1.27919399484265
5.20077471950267,0.948444067823635,3.34165860451383,7.0571896512449,"BZE6",4.27083220268703,0.821191540304871
5.20398205586551,0.96003032726981,3.31647126283132,7.07640417796042,"CAR4",6.73890644908592,1.2949518996689
5.36661096238111,0.946420077200288,3.49250580807459,7.23593560186915,"CBC1",5.53857716379286,1.03204372417103
5.46374708497566,0.952488121228043,3.60318785219322,7.31796862992919,"CBC14",5.68844373087377,1.04112500860737
5.46507815565178,0.945878976855917,3.61187409533612,7.31095144349637,"CBC17",6.19120652909011,1.13286696964935
5.35209556929587,0.953418248159721,3.49570917130882,7.22072811786628,"CBC2",5.83500338388512,1.09022780111768
5.28746451602374,0.950417426572812,3.4184962556427,7.13316582307989,"CBC3",5.43885621372069,1.02863219171271
5.36282407465982,0.951042254841018,3.49602720546203,7.23140457387249,"CBC6",5.05368697735793,0.942355540103839
6.96052066735296,0.950843368111819,5.09066062696952,8.83968900705928,"CS1",7.25975307472224,1.04298994596378
6.90624364252854,0.951864796843786,5.03538037226598,8.77064238052585,"CS103",6.75285456189901,0.977789795934078
6.91313680697405,0.953888494282789,5.03542685572303,8.77203366514914,"CS104",8.61373461678588,1.24599510429133
6.97429072182653,0.951619237134691,5.11549816184571,8.84093342740573,"CS105",7.19108152062893,1.03108427902553
6.97481609884325,0.949546066628525,5.10764072916503,8.82683474516876,"CS106",6.6228704366915,0.94954051014906
6.95786122196657,0.948363928016447,5.0913174985935,8.81482903084966,"CS107",7.77685734968553,1.11770802860128
6.94890680093324,0.954980024904074,5.08018835161376,8.81209733723895,"CS108",6.52533990292277,0.93904553476619
6.95619897491495,0.948708080108031,5.08857950393103,8.81475724493592,"CS109",6.76930093650811,0.973132160382298
6.96900168358382,0.953312879182483,5.12127968581219,8.84484351555948,"CS110",6.78951772525273,0.974245384564352
6.9496327337256,0.952373781185566,5.09259810143903,8.81903827027241,"CS111",6.62292709278199,0.952989509883284
6.94671787078178,0.951914331139138,5.08014059817108,8.81095778930316,"CS112",6.3748493489478,0.917677882926657
6.94312706383297,0.951908985366695,5.09420859539656,8.81191390036807,"CS113",6.48674044421882,0.934267857203495
6.94645478906373,0.959427251619503,5.06629494965592,8.81972659115348,"CS114",8.28197077995062,1.1922586458044
6.89915044063634,0.958022792818246,5.03008217857158,8.78012977870825,"CS115",6.23781643070539,0.9041426889265
6.85183976187805,0.95437097525742,4.99034876886968,8.72970167501419,"CS116",6.86974405881547,1.00261306416373
6.85489890767534,0.958798154220298,4.98200226532755,8.73939884888913,"CS117",6.29139620727163,0.917795622080908
6.85768657244594,0.950193666525198,4.97987459052102,8.71787977250603,"CS118",6.76594640375736,0.986622286142795
6.85149038939825,0.947146801651242,5.00259408328511,8.69741632421723,"CS119",6.66014196363038,0.972071999682879
6.66680385645334,0.953025650576967,4.79356734954311,8.53591067691877,"CS120",8.05541017111694,1.20828666097915
6.66193671948398,0.949153556400049,4.82171726970347,8.53213180254156,"CS121",6.61408524443455,0.99281718259054
6.59383070136627,0.957820263091005,4.7132593647744,8.49084414572591,"CS122",5.01408153639248,0.760420120485281
6.71183727071605,0.947691269429758,4.85734567231377,8.57296786732219,"CS123",8.05246794700502,1.19974123659675
6.72694301723622,0.951479380211722,4.85280877456666,8.58376425639371,"CS124",7.41928490842065,1.10292073077035
6.61177155492183,0.954578933575476,4.73393300453384,8.47799282226705,"CS125",8.92143317492423,1.34932568386805
6.5960948667784,0.950983171576306,4.73112281179364,8.45177230770682,"CS126",5.97888301049415,0.906427686570599
6.60532959853868,0.944364152438873,4.75954925147082,8.44825627101631,"CS127",6.37287852591635,0.964808558126493
6.64954433628618,0.951875544712753,4.77091679039069,8.51548312325234,"CS128",6.29294209306869,0.946371927882106
6.65499647902055,0.946045801182893,4.80696154088997,8.5008238516885,"CS129",6.95677175073164,1.04534566962769
6.69324499405158,0.954102735078192,4.8122573345877,8.56134858210422,"CS142",5.97123517233372,0.892128583017725
6.68442402635437,0.950760972857144,4.83451253063998,8.55256053378588,"CS143",7.77274264255598,1.16281412009632
6.70451451884905,0.945156660872605,4.87124411494844,8.56694233499573,"CS144",7.32731408465077,1.09289256724716
6.6818586608419,0.955107812977225,4.81044371806455,8.54113727564677,"CS145",7.07649259150281,1.05906050257746
6.67884869935767,0.956026250097874,4.80326546644789,8.55432377262466,"CS146",7.64553494491244,1.14473845554365
6.72971241014988,0.953390908208309,4.85772984356302,8.59365387613128,"CS147",7.97908250929576,1.18564984994924
6.72938771085876,0.945332181797679,4.87126152453002,8.58420709569791,"CS148",7.24916826897768,1.07724039399308
6.72622229420878,0.946686593202845,4.8605787740876,8.58070546739622,"CS149",7.44010809142609,1.10613473150181
6.65748884679653,0.949867455891705,4.7999375160945,8.52180583826183,"CS150",7.28715066016746,1.09457947701616
6.59245343943721,0.95040719203929,4.72892765573458,8.46779618740212,"CS151",7.19169783858476,1.09089854098366
6.61983539522433,0.956296991239942,4.74351392335429,8.47972382220071,"CS152",8.01481572151604,1.21072734335631
6.87821348144962,0.958585549828877,5.00040425159928,8.76541061795482,"CS171",7.03741183858654,1.02314530619997
6.87507024854431,0.958382400446447,5.00260763911541,8.76775754759772,"CS172",8.3645151805588,1.21664432190054
6.87734549263497,0.949158365864331,5.01024009081892,8.74126330616278,"CS173",8.42089158403908,1.22443922485167
6.87626319672645,0.949162371199529,5.00704498924533,8.73154020244506,"CS174",5.5848066495732,0.812186283420905
6.86617475853578,0.951264112922247,4.99931591952939,8.73601649562912,"CS175",8.39977031802264,1.22335515966592
6.88007137205018,0.952730290187455,5.03188882165621,8.73954225373921,"CS176",7.69164731505971,1.11796039592067
7.44547874992618,0.947963345187249,5.57755446272817,9.29811700153063,"CS185",7.06289884854849,0.94861580910677
7.44226707962531,0.951198498909776,5.58287672461981,9.29861349910136,"CS186",6.3049334987638,0.847179150023359
7.44152342035899,0.951140905433252,5.57199705481253,9.30162747660282,"CS187",7.68884691152322,1.03323559937843
7.43661786630933,0.954659065797071,5.56702634950133,9.30595011783725,"CS188",7.41607331029771,0.997237379090743
7.43699840421588,0.949797784756676,5.59030365837457,9.29450729737175,"CS189",7.73110482263242,1.03954638718893
7.41111477241825,0.955265410301749,5.54259193156494,9.27723114471782,"CS190",8.06509849166773,1.0882436366636
7.47456165293027,0.949066558865154,5.62661990162785,9.32724042286954,"CS191",6.10719480135062,0.817063940994641
7.48190492887093,0.957624750164367,5.59785652326003,9.36557156234737,"CS192",7.48791062585013,1.00080269624331
7.6457815538813,0.986069908213741,5.72411010551192,9.55294732883641,"CS193",6.76713264798546,0.885080563745664
7.64828425390701,0.988383471268084,5.7118445085384,9.5811473767512,"CS194",7.45407806308297,0.974607874867513
7.47002438591841,0.95113584638321,5.61457283832197,9.3388302876839,"CS195",6.95750344820372,0.931389656681598
7.46561187487818,0.952561650985045,5.58147667617688,9.31226684504154,"CS196",6.75447206443138,0.904744604680055
7.46175295973702,0.951024000943965,5.60524983151102,9.34258741452275,"CS197",6.6742018215313,0.894454943435507
7.46364053782421,0.949148539565591,5.60512835755678,9.32221056279288,"CS198",8.06260689217288,1.08025123280164
7.294018380209,0.952821257844567,5.41728197971836,9.15566134523693,"CS199",7.00873157948508,0.960887567613211
6.96835311011809,0.955079851953711,5.1038841939813,8.84176314765799,"CS2",6.2248389855554,0.893301313407453
6.48641549238015,0.948168622696635,4.61447509767811,8.3537405192188,"CS20",6.89356025589665,1.06276883804233
7.30735936873563,0.951951584280605,5.4467396905016,9.17460873016057,"CS200",7.98412568919718,1.09261434757911
7.28843661916806,0.950483077069479,5.42401920607726,9.1417036541498,"CS201",6.82314222668555,0.93615991785415
7.41066681064877,0.950050065449557,5.554762297534,9.27436078077445,"CS202",7.80831615048449,1.05365904985288
7.66845176364199,0.989499780320555,5.73591942505067,9.60607230075851,"CS203",9.54806874405155,1.24511036104071
7.66938922944628,0.997203900021963,5.72597041787311,9.64149658600016,"CS204",5.00958562615352,0.653192252509422
7.61932188419809,0.986299168110817,5.69450011978499,9.55759248934861,"CS205",8.88897909037476,1.16663650984609
7.61779622288559,0.984877833996168,5.69067341210372,9.53687241178112,"CS206",7.99829062789826,1.04994809441996
7.61940049814768,0.984583116258211,5.67882640702969,9.54111515990559,"CS207",7.22266798693198,0.947931269486078
7.62319307415915,0.983368576252102,5.69890870806762,9.554488522871,"CS208",9.17422204418984,1.20346185055818
7.61748874004488,0.987340574630628,5.66715644453439,9.55663034506995,"CS209",7.31874496011922,0.960781854739716
6.58231319721474,0.946319828057324,4.72280033870988,8.44313999335456,"CS21",4.60099817228088,0.69899411262104
7.63507873671026,0.990023105768168,5.69826862215735,9.57257224075857,"CS210",7.79019799624494,1.02031665486157
7.41795348208196,0.948068115197791,5.56293368503363,9.28470669736679,"CS211",9.28181585647613,1.25126369138015
7.39610233133608,0.945123409739348,5.56259315868626,9.23959823894597,"CS212",6.57039131331812,0.888358627148849
7.41409359669219,0.953303030225316,5.54998661668568,9.29703145972749,"CS213",7.98295445848785,1.07672695986054
7.41277272172129,0.957995372550091,5.52938545797723,9.28437419296129,"CS214",8.27292720138664,1.11603680727252
7.34113274113889,0.950225675165134,5.45364649811018,9.20153268392698,"CS215",7.07552187672764,0.963818817370949
7.44230163903048,0.949654435294042,5.5921562438777,9.31112486145009,"CS216",8.03688314537066,1.07989215368831
7.34248197683032,0.956461537508881,5.47534538317577,9.21824277793042,"CS217",9.28076982385222,1.26398264961879
7.29439245789932,0.950988374701087,5.41972158581907,9.16329533063433,"CS218",7.59315452343293,1.04095777232415
6.9234020091697,0.959777269457061,5.03485853758337,8.79926012735548,"CS219",6.96024989450749,1.00532222241161
6.61082773794073,0.94315460859367,4.75651057082209,8.45845839853355,"CS22",4.91065498442236,0.742819988522652
6.84803224654333,0.952665723761728,4.98968368436056,8.7223052782305,"CS222",9.0164113329176,1.31664265124756
6.85452318303899,0.954017189246709,4.97719593211666,8.73850625696181,"CS223",7.56914595190369,1.10425564985074
6.9414527264127,0.953460324867974,5.08663225162206,8.82168821968284,"CS224",7.17803446668015,1.03408245357161
6.61638532915344,0.952540866851772,4.74569002615718,8.48419165509121,"CS23",6.47889367264198,0.979219520981399
7.01480791183953,0.954242942130067,5.14496355127063,8.88534331488029,"CS232",4.40085911194588,0.627367016638923
7.01525293036668,0.952082481687776,5.15187338689225,8.88763940202446,"CS233",6.93468241706324,0.988514952475245
7.01021245352935,0.952132252130295,5.14339805597439,8.86533142753425,"CS234",7.17187839123056,1.02306148904515
7.01830605996837,0.952756739382109,5.14922712828439,8.88497761795245,"CS235",7.90554052101709,1.1264171800813
6.45323868920371,0.948477573517484,4.59284730249898,8.31365590433928,"CS24",7.57565151523441,1.17393015818685
6.55735959943656,0.95940785790979,4.66140494435582,8.43170637849129,"CS25",6.36945858614154,0.971345019219143
6.63407176299995,0.953829784751441,4.78574483310957,8.49801537283177,"CS26",5.86290177622943,0.883756158461905
6.64679081615828,0.95421045371684,4.77171445736192,8.51077690220454,"CS27",8.01884119361138,1.20642298146613
6.62613046417395,0.957310101696763,4.74501311420418,8.51312307441027,"CS28",5.57375875527334,0.841178540840608
6.54143661129719,0.952100926955595,4.67101992824139,8.42554180997864,"CS29",6.93271957380226,1.05981605964496
6.95677689742019,0.948883039134734,5.08305922440482,8.83106536302965,"CS3",5.82142303983854,0.836798869027598
6.52689159352752,0.954445047953567,4.65451838034037,8.37595560813523,"CS30",6.7931828994879,1.04079910048214
6.52090082114074,0.946392325553867,4.67532941286678,8.38073155031711,"CS31",6.2715597976428,0.961762794690946
6.53571828930376,0.951434479007608,4.6701086248031,8.40528772851975,"CS32",6.51087069767111,0.996198185029898
6.57424646625347,0.951744684866272,4.70425332572054,8.44367502853537,"CS33",6.27315154980958,0.954200847505573
6.50375566241487,0.953176657890999,4.648853438813,8.37406645570036,"CS34",4.63038426390556,0.711955446091633
6.54559796659034,0.95561802417319,4.66138298599728,8.41114922811662,"CS35",5.66563939788768,0.865564831021689
6.66004587306544,0.948383670679957,4.79785884984272,8.52251902958744,"CS36",6.18311275598623,0.928388914105228
6.65953937981195,0.944016276884574,4.8068280921319,8.52254664771108,"CS37",8.44647166585698,1.26832670912076
6.66463661759632,0.950709575602279,4.80386107374755,8.52049835715011,"CS38",5.93421491286542,0.890403371310237
6.668759315878,0.950247468258652,4.7914472380244,8.53531431106389,"CS39",6.42602619830828,0.963601457771646
7.00113491281313,0.946378362765117,5.16773692268996,8.8494099794993,"CS4",6.18952315975516,0.884074258935848
6.6867442791065,0.94739236613016,4.8144677396479,8.53032082718928,"CS40",6.02396888484823,0.900882198182876
6.69226486985785,0.94761066420196,4.83472785518495,8.54942444448899,"CS41",6.05349297366445,0.904550715099391
6.53662662675043,0.949924906510677,4.67509277401752,8.41567731823387,"CS42",6.7949861404926,1.03952489999733
6.5114719492162,0.952347388195447,4.64588313491048,8.37398684571295,"CS43",4.12589574237597,0.633634879264529
6.56843475056959,0.959272455552938,4.69151074522805,8.45629426552045,"CS44",6.49368630985252,0.988620052789504
6.56798812504803,0.953127279803517,4.72049113771036,8.45167901683612,"CS45",5.89145329963773,0.896995120495083
6.93783489470384,0.956329226986288,5.05199818796361,8.82667362320062,"CS46",8.16286754877442,1.1765727597533
6.91814408787505,0.951825301756578,5.06049458796069,8.78566721443734,"CS47",7.12572549794689,1.03000536089378
6.90368289489089,0.951388922187713,5.04685566327353,8.7616673834824,"CS48",6.46137704251239,0.935931899087394
6.91570256836301,0.954059471776511,5.03066443142376,8.77473245131806,"CS49",7.28492051951213,1.05338835027957
6.93065148252358,0.960605892251959,5.04942890673084,8.81739611369348,"CS5",7.0106292824859,1.01153972323727
6.93909726067183,0.955332882944245,5.05383459088753,8.80054905991071,"CS50",8.02375548232984,1.15631114263313
6.90333595851594,0.953050724955708,5.04480826086789,8.79452877861543,"CS51",6.82556584945091,0.988734416297806
6.72186426980676,0.95069962153992,4.85113693777624,8.58878926999259,"CS52",6.51586697872644,0.969354143015708
6.7035566623547,0.954539969754313,4.81902805446372,8.59097606144683,"CS53",6.31432540511993,0.941936605172508
6.6499404779152,0.951184392300991,4.77955743229427,8.52366841838609,"CS54",6.99356515287852,1.0516733459652
6.66598762398208,0.956072929823813,4.79516844231727,8.53419083291531,"CS55",6.88401938168133,1.0327080951838
6.6711347375972,0.952592792927253,4.80267568769613,8.54812920884305,"CS56",6.96135551808988,1.04350396025687
6.66698848854729,0.95269554461098,4.79107695472257,8.53482515156228,"CS57",6.15807237076343,0.923666267212237
7.01617485421784,0.954521342681622,5.14126168838315,8.87181582798597,"CS6",7.52223607984129,1.07212779557785
6.63351689423766,0.952885809830718,4.77652622536006,8.50720510269534,"CS62",6.91095586428838,1.04182381299002
6.60639154731889,0.9496949020406,4.72566844795692,8.46600320615044,"CS63",7.1886972790542,1.08814278226843
6.617276643793,0.946486234411028,4.75527016058933,8.4694369257606,"CS64",6.33430187321107,0.957236974390762
6.57370366426794,0.952603098747781,4.69802594298876,8.44094428610607,"CS65",6.35501646551364,0.966733030583201
6.57629138347404,0.952676334665685,4.71633968947623,8.45667736088461,"CS66",6.88736844497362,1.04730280995172
6.55949871131796,0.956127551684537,4.69099692351399,8.42783632806768,"CS67",7.22426173962804,1.10134357175238
6.6567060698427,0.951266609996532,4.80867718279719,8.49587512001661,"CS68",5.84789696877343,0.878497098627583
6.65043326784964,0.949991109284599,4.80098154195472,8.52027007338539,"CS69",7.18790202348952,1.08081710378754
6.96307634869272,0.953720082280373,5.09923321421337,8.83739834420028,"CS7",5.91040372845866,0.848820755723625
6.62127904419635,0.948829728697727,4.75052552160474,8.48347435011491,"CS70",7.28302322371957,1.09994204671124
6.56706356816621,0.947485423846766,4.69239371452664,8.42872907838744,"CS71",6.723609315972,1.0238380131669
6.56308751645422,0.952138239794009,4.68452256478784,8.42892093445593,"CS72",3.84815662177932,0.586333278678924
6.58753521103404,0.955926094314437,4.69833851634301,8.4452970034962,"CS73",5.82419799925303,0.884124002782949
6.58516523644078,0.951817830253521,4.72365807845466,8.4514688857059,"CS74",5.71414533290199,0.867729985161379
7.97850533210264,1.01056307942213,5.99090089132633,9.96210264400491,"ETP129",9.61304789473836,1.20486826725037
7.96074732710673,1.00878042737349,5.99661409299253,9.92714885445164,"ETP130",8.26084345611909,1.03769697952735
8.20371635067261,0.973992938514825,6.30419879423043,10.1074400713387,"ETP132",7.21510235149214,0.87949193305551
8.29980910308026,0.972521026238356,6.38943933225456,10.1998211162155,"ETP133",8.44321667092726,1.01727841761972
8.46019266949884,0.972533836348061,6.54780649299915,10.3683411452194,"ETP134",7.39152875382846,0.873683264977736
8.47411586149147,0.975745305833643,6.57091922970853,10.3946304145554,"ETP135",9.29450879047332,1.09681162523514
8.29966496376701,0.97235140306361,6.39919355733107,10.183735966333,"ETP136",8.45803151330955,1.01908107739697
7.71942092125096,0.98360333969864,5.78387250399361,9.65087214182594,"ETP153",7.42217292667172,0.961493485377778
7.69418333628024,0.984498964435529,5.74435740749599,9.61837400890227,"ETP154",8.99975879732089,1.16968343539262
7.98450636256638,1.01037194730619,6.0258903872572,9.9802771623033,"ETP158",7.02084439476593,0.879308510252008
7.9830386248327,1.00787765605261,6.028760206215,9.95752233769556,"ETP159",8.36733689656649,1.04813934765872
8.19351322455973,0.971166713824079,6.29291110179511,10.0833233794136,"ETP164",9.31907518918049,1.1373723253716
7.9571861334033,0.968034791068165,6.0676772212685,9.85760342846447,"ETP165",9.35673606722269,1.17588503151186
6.45754251663802,0.960483358375442,4.55828100077329,8.34402247820737,"ETP169",8.52102792032605,1.31954654551192
8.38596882521871,0.971776590085384,6.48756168702579,10.2828197025988,"ETP178",9.42694422933484,1.12413299236048
7.68467339114095,0.975347479717114,5.75584362324388,9.5945782129657,"ETP184",7.89315858946991,1.02713000120074
7.72070886393502,0.982522672582228,5.79027500557694,9.64799038589262,"ETP185",8.05966800359396,1.04390259309508
6.3519875655117,0.963193257214348,4.43696701521844,8.2410533157578,"ETP195",5.58886031792355,0.879860084781719
8.14126388212899,0.969417919239948,6.23733010482041,10.0360148441549,"ETP203",8.35254700404439,1.02595212794652
7.99583959899461,0.972146277763563,6.0923582257133,9.88773551929842,"ETP204",10.1077766779797,1.26412949545044
7.54191157821131,0.984817777358448,5.61046701594,9.4698697402522,"ETP210",8.65699843853261,1.14785201984372
8.47089480862231,0.965349857169508,6.56199091922461,10.3564222386259,"ETP213",9.2091780929532,1.08715528890518
8.36118031680277,0.971944053446367,6.45898572489816,10.2671573127201,"ETP214",9.33264699773732,1.11618774432867
7.60247224324265,0.988197552628821,5.67710050629406,9.55614922148364,"ETP217",7.18409740803642,0.944968581032559
7.56472880962721,0.995671377595859,5.62354074053341,9.53056034834489,"ETP218",8.19246004021792,1.08298132641475
7.49229304643419,0.980766249125753,5.56866331748383,9.41503517200134,"ETP224",8.27210641695692,1.1040820701606
7.70965467638805,0.978563381125802,5.8021866103502,9.64065863196122,"ETP225",8.13512959373338,1.05518728596864
7.7493869704108,0.979224002381326,5.82669828597338,9.68007154491506,"ETP226",6.51365411524808,0.840537985794093
7.70755496546989,0.984021241793868,5.78774829909366,9.6259851067761,"ETP227",7.74746892518615,1.00517855012323
8.22671069486785,0.971872303405468,6.29836776559704,10.1344766276535,"ETP232",7.60535450209585,0.924470883221939
8.10017547822769,0.970695035204356,6.21350381151619,10.0048857851375,"ETP236",6.33889216130843,0.782562325760302
8.10633631036806,0.96750143489179,6.22468225950713,10.0193580113533,"ETP237",8.59063522176153,1.05974325427062
7.8399955075486,1.00664762645349,5.88675096695155,9.82112162264304,"ETP247",7.12198762966391,0.908417310036291
7.83658584968862,1.01810643854618,5.83495604367715,9.83598046726795,"ETP248",8.81163052976656,1.12442212703083
6.44448217575889,0.956853196831536,4.55228476382217,8.31715347069174,"ETP92",8.63071586007382,1.33924117170166
7.97314017786002,0.975434813928389,6.0508434829006,9.88752960657857,"GAL1",7.1092872417505,0.891654615767539
8.37673225233742,0.971978054808125,6.47546393989258,10.2758490327642,"GAL3",8.84249476448681,1.05560193379936
8.4557888022834,0.969163387391874,6.52958329380696,10.3491728242088,"GAL4",8.7655369454587,1.0366314900263
7.03418085403165,0.95618397258188,5.15718546708132,8.90840180914563,"GBR100",7.01247304907685,0.996913954104213
7.10651464979305,0.955077990022558,5.23026703589818,8.96380099998941,"GBR101",8.06320490570187,1.1346215835827
7.09477875705549,0.95213781118128,5.238198354363,8.94352372737828,"GBR102",7.37801241971904,1.03992142283251
7.12135598963618,0.951578875660061,5.26490459223189,8.99265571363469,"GBR103",7.12944704414264,1.00113616767905
7.11455996969988,0.954084163774348,5.25980952909177,9.00152469204669,"GBR104",7.41534325109701,1.04227714471143
7.17933645973671,0.951659442146946,5.32089882393717,9.057696911816,"GBR105",9.38193705743546,1.3067972381642
7.18406380195189,0.953996555583648,5.32550537019765,9.06408061556876,"GBR106",10.1724277637227,1.41597124470956
7.17711666762558,0.954102217273947,5.33089552755681,9.06868881744261,"GBR107",8.25965070840962,1.15083132836158
6.49552322658279,0.952053393262231,4.61563094118782,8.35536960984542,"GBR108",5.69995686080264,0.87752081887348
6.57890734206999,0.953751362858912,4.7119211941722,8.44633251250539,"GBR109",6.67588143602501,1.01474015196033
6.4477818534198,0.955631858924985,4.55736621933848,8.33408256456263,"GBR110",5.36116462612959,0.831474257040212
7.10756351927199,0.94769415824833,5.25661016238977,8.96160985531662,"GBR111",8.14690334467803,1.14623011424209
7.10803346523666,0.952374049677057,5.24354108706563,8.98768600031413,"GBR112",8.42198359893924,1.18485424134942
6.91852085697891,0.959158582424473,5.02547355306466,8.80397842716539,"GBR114",7.07859571402573,1.0231371503181
7.07862689097512,0.951432401159787,5.21917306186681,8.93982646492413,"GBR117",6.47920617632346,0.91531963417709
6.3669891689723,0.952384421020867,4.5170999093671,8.23903729975721,"GBR118",4.37514099528252,0.6871601127584
6.38056054426508,0.953117541157627,4.51482727550123,8.26129268193282,"GBR119",5.11799447807565,0.802123017651758
6.88593497231557,0.959007397113959,5.00880702323693,8.76719183062731,"GBR12",6.942858057748,1.00826657319032
6.31210728679867,0.948635461543271,4.4537407194017,8.18723430093536,"GBR120",6.50231174543136,1.03013327403837
6.2797585909907,0.953067112598798,4.39526111803934,8.15540500304303,"GBR121",4.31976864529938,0.687887692290714
6.42522825993409,0.955479908923162,4.55555383138059,8.28330817543202,"GBR122",6.47218526667961,1.00730822390207
6.29506524329904,0.951203580952379,4.45820730789916,8.17072926871599,"GBR123",5.87626448418475,0.933471577667905
6.21084972927814,0.954431098776065,4.31922405135741,8.08044535150504,"GBR124",5.29744936240247,0.852934718003259
6.27916020076553,0.957096767723092,4.41020408284492,8.16536448080973,"GBR125",6.63427399721108,1.05655434565951
6.73045789610829,0.956226119403076,4.8485481654789,8.59926254267186,"GBR126",6.41302043419965,0.952835681196046
6.23242588363025,0.946633346477362,4.37882603190995,8.10173880155111,"GBR127",6.35694955438493,1.01997996816645
7.11409860707206,0.952323959717814,5.23146894860937,8.99097589675346,"GBR128",5.84488721460795,0.821592100058552
7.12304243956377,0.94713155958627,5.26994229925655,8.97825167614448,"GBR129",6.97205644069249,0.978803158881568
6.67512376863674,0.956343691882613,4.80802796463738,8.54646863249556,"GBR13",7.14866398710321,1.07094103942932
7.20413938608453,0.954706827822281,5.3289198865289,9.07442185017394,"GBR130",5.30339734925366,0.736159736095288
6.45558773668831,0.945021516772811,4.61127776762838,8.31167901511283,"GBR131",6.45101711142298,0.999291989288697
6.44437486812527,0.953617907623647,4.58457677283338,8.31848664353446,"GBR132",7.44395126960093,1.1551083575879
6.64073983350837,0.953165046248296,4.77760411685435,8.51021536373151,"GBR133",4.92686816782306,0.741915553288608
6.2862111148142,0.952273667755525,4.40675427969536,8.13631542875401,"GBR134",5.56318551109679,0.884982290522583
6.59714326276011,0.949096326033302,4.73356707805081,8.45227063457104,"GBR135",6.11001057102116,0.926160055597285
6.30518842123399,0.950176770776568,4.44634609120974,8.18174191614048,"GBR136",6.2972734496493,0.998744689126492
6.3524042601142,0.951395352834316,4.4909698395146,8.22629589552091,"GBR137",5.77564142336755,0.909205583723936
6.29136650904264,0.953179798172233,4.42164244520875,8.15508164679896,"GBR138",6.2313171255557,0.990455271775913
7.13367408482471,0.951209117036821,5.25970876077741,9.00036434798292,"GBR139",7.50251260127656,1.05170386424528
6.70171882810574,0.957532976063927,4.83234123912861,8.58253627194116,"GBR14",6.2511349030854,0.93276591624067
7.09205985990251,0.950361334190253,5.24131649044936,8.9634847672967,"GBR140",6.53788686340477,0.921860079096208
6.49564836997507,0.9513692893346,4.6251133183968,8.36019755219727,"GBR143",6.95272383978004,1.07036641206099
6.40701316307009,0.951199705422978,4.55351293126984,8.27396229378196,"GBR147",8.4049177559498,1.31183088625377
6.81308338120439,0.944656279332447,4.96288319136138,8.66460374037467,"GBR149",8.38762698662453,1.23110587634432
6.67310023300573,0.951307112003418,4.80998577620713,8.53565070320643,"GBR15",5.96957534470302,0.894573007487132
6.29448404487623,0.948600021453911,4.43951376549348,8.15028751385578,"GBR150",5.30943121867305,0.84350538992866
7.15795761575634,0.955357419688365,5.30023352123046,9.02380912297807,"GBR151",6.79598697385596,0.949431016313424
7.21360388218058,0.950627237860218,5.34635471016788,9.08348159011078,"GBR152",7.27476325103336,1.00847833757602
6.27281180303751,0.946829248939817,4.42712293682739,8.13851039699381,"GBR154",5.40238087494546,0.861237519086647
6.29827254850199,0.950859621341922,4.4199178334437,8.14511385762432,"GBR155",6.36992182078914,1.01137601965228
7.12257599966665,0.95850314907917,5.23334999240771,8.98522837157972,"GBR156",5.96698432247526,0.837756497474302
7.08250106103358,0.950138939860916,5.21327725237305,8.95328499351541,"GBR157",7.77124008818737,1.09724517105166
7.07509725662072,0.955820818559352,5.18516937324532,8.94700729591091,"GBR158",7.76364327453709,1.09731965412518
7.14319265006358,0.953450249549824,5.29168164776707,9.00934926768737,"GBR160",7.66292069452808,1.07275850868447
7.15302620602377,0.953415249009191,5.29065259618958,9.00126210030501,"GBR161",7.07119407488309,0.988559788712675
7.14870934760922,0.958147518749805,5.26274281568878,9.01064060853789,"GBR162",8.07573994445183,1.12967803721837
7.13555609189636,0.957460869933108,5.26423364995572,9.01667988835362,"GBR163",5.84211755970736,0.818733324280371
7.14112392609085,0.959470891621534,5.25438624807176,9.02378002345658,"GBR164",4.97502326709659,0.696672305170314
6.96900889181483,0.955057234563909,5.11516771974692,8.83242719862775,"GBR165",8.2260193482289,1.18037148121456
6.97922689792471,0.953284305088227,5.1049037133267,8.84208775507351,"GBR166",7.64251903965351,1.09503805384605
7.16997317801868,0.958689258643699,5.29703706296021,9.03511724118703,"GBR167",7.9663555278889,1.11107187294811
6.88553093367917,0.948718414540981,5.02721624221543,8.75043210816624,"GBR169",6.77001179161778,0.983222914373044
7.03872117410925,0.954800275106227,5.17736872897255,8.91294052035867,"GBR170",7.89376027673543,1.12147648436072
7.03236656780027,0.952220932377653,5.17566902824029,8.88313845597948,"GBR171",7.7054736422989,1.09571558422177
6.87923922664008,0.950192907839226,5.02629299428243,8.74764480334986,"GBR172",7.23694489079548,1.05199785214187
7.12824509271288,0.952280462333757,5.26920361375739,8.98332269824608,"GBR175",7.55811686457162,1.06030541406302
7.11720868516277,0.954124982419823,5.21699525219327,8.97324505683845,"GBR176",7.07505843595087,0.994077699407667
6.12936953478811,0.949375704876473,4.27225385605241,7.97958964188818,"GBR18",7.78098346261085,1.26945902322397
6.40901060274256,0.954473897222256,4.52567148773893,8.28641869210906,"GBR185",4.92087931928325,0.767806393888238
6.33606982673964,0.953768778967805,4.47209923942295,8.20959491854882,"GBR186",6.09301096404305,0.961638859838503
6.35380958402064,0.95257078777298,4.47162551876525,8.22620295826129,"GBR188",3.9383248609074,0.619836778050761
6.83410087798993,0.949556426572546,4.95184782256598,8.69636487211814,"GBR189",7.60937786051219,1.11344242591138
6.10734903294191,0.959049280371083,4.22479173397248,8.0008976144727,"GBR19",6.0910366559364,0.997329057678295
6.80610788654727,0.950917210158374,4.93541380536875,8.65518668967982,"GBR190",6.68066976322952,0.981569771533347
6.78640686797231,0.954049821926159,4.92203400728724,8.66255839618938,"GBR191",6.96765306623749,1.02670724019224
6.23483401854652,0.949144344298352,4.37527614073849,8.08634753150957,"GBR192",5.56234875659473,0.892140631177771
6.21158521839039,0.952069590248538,4.34445552966412,8.08975322019484,"GBR193",4.76785150988249,0.767574031789261
6.00839011193694,0.950553121148734,4.13638322404219,7.87450471926881,"GBR194",5.37206739547892,0.894094307359666
6.10164062764962,0.952233364092954,4.23753729841838,7.98962137090619,"GBR196",6.46324700658557,1.05926379493694
6.20852854361515,0.951722899141496,4.35909442479275,8.09535421555498,"GBR197",6.17010226774826,0.993810727357225
6.18888672521641,0.94830334271704,4.32729554773123,8.01701041012787,"GBR198",7.47467843833259,1.20775815913341
6.11562758620096,0.950485657295826,4.25443744559923,7.9696526120148,"GBR199",4.8091199974361,0.786365737555241
6.02588204526165,0.958759142507202,4.14960562570788,7.90318949150771,"GBR200",6.53418474838208,1.08435324477022
6.81144525311922,0.953673815279686,4.94262107301505,8.67492112706768,"GBR207",8.0359335880839,1.17976923978123
6.80834742784222,0.959767506039204,4.93886899568291,8.69774899395102,"GBR208",7.51700139825382,1.10408604700659
6.81520484038886,0.96026454313478,4.94148944189721,8.70967953437746,"GBR209",6.74829658050459,0.990182502000856
6.18972951519493,0.95399014003456,4.34054235518942,8.05387297580575,"GBR21",7.34214807414967,1.18618237778011
6.52327937862037,0.950566310312125,4.63553104146847,8.3794236967617,"GBR214",8.19740743757867,1.25663902491209
6.55024216696912,0.95381028416174,4.65127282755425,8.41582275959866,"GBR215",8.25924619548045,1.26090699930597
6.16358479388563,0.953089283784943,4.28717135080108,8.03091697776201,"GBR22",7.18535397952509,1.16577514868508
6.81159275685059,0.952031733403922,4.9374235420716,8.67319939899297,"GBR232",5.96157010876849,0.875209414534183
6.90751961438939,0.955759539610477,5.05641380516278,8.77685341925716,"GBR233",6.66174780021549,0.964419671909158
6.90182452901092,0.947594141334046,5.03210778334753,8.7575104445133,"GBR234",6.50275700483844,0.942179416110183
7.13358350896366,0.954285985247059,5.26144055393478,9.03434130194239,"GBR235",7.13851464227859,1.00069125612797
7.13994651854245,0.952362394265771,5.29383575121966,9.0039446408682,"GBR236",7.12370923506436,0.997725853627065
7.16075775982319,0.94382414877235,5.31576522380869,9.0136030035671,"GBR237",7.28099890460303,1.01679167887154
7.11722836834564,0.952760496552501,5.25572347619016,8.97528127631654,"GBR238",6.25265849971033,0.878524360342216
7.1233280462209,0.949444068556925,5.27005404683489,8.98710006427935,"GBR239",7.05636546107771,0.990599536521597
6.90805063683973,0.94962931795782,5.04515285673711,8.76744722783443,"GBR24",6.75079961735689,0.977236556627967
7.10522846813593,0.950693752074211,5.24427020373356,8.96981281085486,"GBR240",6.53357839252793,0.919545152112755
7.10000429452094,0.950268203544043,5.23245987090402,8.97657119929578,"GBR241",6.48628000184874,0.913560011062837
6.760859671157,0.956974641458059,4.90146516776232,8.64098903320097,"GBR249",8.00854324167915,1.18454510686636
6.90354957547582,0.951525691031969,5.02247248997482,8.75966691728073,"GBR25",6.09259967287924,0.882531458095499
6.77329389208344,0.955861829611503,4.90009104036132,8.64386060746579,"GBR250",6.0678623261528,0.895851032426757
6.77654616385825,0.952711364097307,4.90579312473513,8.63961740060415,"GBR251",6.28273103963069,0.92712878916678
6.11067621436554,0.948994104448612,4.2438010225467,7.96964081556875,"GBR252",6.12475422287981,1.00230383807297
5.82252267808809,0.954104733865637,3.96602717201146,7.70856411969667,"GBR254",6.5859460243542,1.13111556424488
5.89866635761073,0.952081783974818,4.02375428387682,7.75806557866793,"GBR256",7.23910040201488,1.22724357730026
6.12081754987875,0.95819072957654,4.23347889431145,7.98845945373378,"GBR262",8.13013097894205,1.32827533457571
6.10372417703792,0.954410881703933,4.23854969574208,7.97609747830566,"GBR264",5.62762030822299,0.921997807403221
7.03652964933031,0.958482130849442,5.16478805683155,8.9207204417167,"GBR265",7.23424133757238,1.02809789741466
7.0486146612997,0.953598390999324,5.17428266016143,8.91838295310482,"GBR265",7.23424133757238,1.02633519992118
7.04924369536003,0.951115054340024,5.18858974647445,8.90588047585454,"GBR265",7.23424133757238,1.02624361565683
7.05575015988281,0.950836269286909,5.17946128138057,8.91270831542896,"GBR265",7.23424133757238,1.02529726445027
6.80263775625886,0.95021308536748,4.9410249639249,8.66018429791819,"GBR29",7.04085594555703,1.03501850279753
6.01208235473249,0.956375690962956,4.14758939220838,7.87766040062351,"GBR33",5.7673456243317,0.959292518638215
6.00765887361449,0.949174078254391,4.14803340008161,7.87234638697908,"GBR34",4.9037969698873,0.816257559400496
6.40908693128219,0.94891533047246,4.5299762679219,8.25870419624927,"GBR35",6.31869977887409,0.985897031296778
6.43441529039803,0.959050565878506,4.56446272363485,8.32327547388466,"GBR36",2.39254377220874,0.371835460446436
6.44358806150416,0.948522779188909,4.58526278596041,8.28858492346319,"GBR37",6.18365207166428,0.959659744328969
7.03005920552966,0.948529466640608,5.19090912941756,8.85417307808296,"GBR40",6.34314985303721,0.902289677453621
6.96057527160113,0.947503640896659,5.11366048456721,8.8339436880862,"GBR42",7.91303537473712,1.13683640589622
7.16586534106783,0.950996404909347,5.29516864510881,9.03075778870731,"GBR43",6.76102460047092,0.943504277386186
7.15610803494509,0.954496513575192,5.29741626301527,9.04217720353523,"GBR44",7.10278752413321,0.992548951112602
6.91334678235101,0.950834419711796,5.05889714104739,8.78777446836032,"GBR45",7.3844129396641,1.06813865587007
6.94938552236402,0.951111301519638,5.09252955257265,8.81112385184819,"GBR46",7.77608486964774,1.11896006411262
6.98848844867411,0.948814424715498,5.11551145411671,8.84529495629332,"GBR47",5.85284163698109,0.837497504641583
7.00600346072288,0.948848516978756,5.17476712493402,8.8845695124516,"GBR48",6.10173969521668,0.870930157175101
6.90710521033248,0.950479679298431,5.05448575629385,8.76769100348792,"GBR49",8.33074091314724,1.2061117732339
7.4699066220806,0.954211495566594,5.59607624794825,9.35007559428786,"GBR54",8.27499686832138,1.10777781931851
7.42402957769863,0.94687597022538,5.57704708957201,9.28726906080223,"GBR55",6.82684465293315,0.919560540739305
7.41270019582979,0.951639783663972,5.54409289342237,9.27920465487131,"GBR56",7.25008091898082,0.978062072854308
7.41300626714158,0.94416598527361,5.56267496395419,9.27985802752473,"GBR57",7.25882830820495,0.97920169585988
7.26430887387227,0.954376272569181,5.39734774978843,9.13111404018317,"GBR58",6.24144039448277,0.859192595310963
7.31954323356104,0.955395215442024,5.43743748105151,9.19226391582594,"GBR59",8.31524166885723,1.13603286482834
7.32206521019222,0.953239515462859,5.45440999980514,9.17482210245354,"GBR60",6.80059916737466,0.928781562599076
7.41738887616919,0.955988003068126,5.54221093298277,9.28455133929804,"GBR61",7.92227912348672,1.06806846125321
7.33457849877673,0.951452718674526,5.46655751976867,9.19384562895318,"GBR62",6.81524444568597,0.929193742601927
7.35149724142611,0.952115231664855,5.47749317794689,9.20795989355191,"GBR66",7.16450409689497,0.974563937332735
6.92393568212797,0.951104307747267,5.05657137506013,8.80883788219588,"GBR77",5.87734806961221,0.848844983465516
6.92402620065824,0.955171504796147,5.04266184136787,8.78834953448574,"GBR78",7.12519142260076,1.02905321500999
7.26003294756583,0.949135618160262,5.39065349028158,9.12968120552671,"GBR79",6.66011877546274,0.917367568930354
6.80238833807948,0.945445980076274,4.94740940727414,8.65876660268599,"GBR80",7.47390646540627,1.09871799343881
6.79605308431133,0.951655021503921,4.93574327346501,8.65662016347354,"GBR81",6.65687116011818,0.979520182896385
7.38760928844247,0.953665858238544,5.52514438835075,9.26346396519892,"GBR85",5.7249021997119,0.774932996073332
7.38515997017252,0.956059425454372,5.50189292383294,9.25342756634962,"GBR86",7.52566465048163,1.01902527242153
7.45634859794116,0.951132651186182,5.61254956231393,9.33118764523833,"GBR91",7.90798374499791,1.06057055154066
7.46445752079316,0.953985211253483,5.59471861129474,9.31610708803766,"GBR92",7.53635167958304,1.00963153164039
6.91484245058793,0.95306226650187,5.03712036234863,8.77422724666434,"GBR93",6.9331486235642,1.00264737383492
7.04543662318093,0.951250909791868,5.16732228039362,8.91056312822638,"GBR94",6.47120582840796,0.918496066960047
7.30334386114563,0.951539287084329,5.41787355046757,9.17940127293761,"GBR95",6.57502332774361,0.900275743926458
7.15327385009675,0.951370557782432,5.28460274691451,9.01062614254922,"GBR97",7.1824552110593,1.00407944132632
7.07366628713626,0.952761354849794,5.24411744683362,8.94113499198614,"GBR98",6.3437046541427,0.896805757670386
7.08077559451952,0.949296063782783,5.21090626586068,8.93759878088207,"GBR99",6.19628544454147,0.875085696733188
7.75698000088429,0.95290679046043,5.87144383733378,9.62316079931145,"GC10",9.14757368994697,1.17926998508494
7.73287050288321,0.949266956709177,5.86882545177653,9.58536668705869,"GC11",8.73280526563322,1.12930964799904
7.75539059046817,0.947061614030972,5.88967703436051,9.60529425714376,"GC12",8.78608142512297,1.13289992588144
7.74675111051314,0.953759610886948,5.88521559228335,9.61865388877994,"GC13",9.62673889329464,1.24268080334092
7.35924068830357,0.958359104612145,5.48247813038317,9.21614372953852,"GC14",7.4241463251842,1.00881961055898
7.32719171983913,0.952846340287796,5.47167866657378,9.19561473040637,"GC16",8.01734145873364,1.09419021165037
7.32198616318533,0.960330209191918,5.43317173325707,9.19878089418963,"GC17",6.54356956238802,0.893687780412485
7.41803867163894,0.946820592837761,5.57010732550616,9.27897330235292,"GC8",8.20701516430377,1.10635917761945
6.63432138336477,0.950512083056863,4.75298244316003,8.4898994330623,"NMP-B3",6.29443887023733,0.948769061146227
6.71319173939605,0.951277051558484,4.86901542671156,8.58017806803706,"NMP-BF1",6.31542003876333,0.940747752176
6.63671625779441,0.95457475197602,4.76089474625586,8.50550091880391,"NMP-BF2",6.19613103225516,0.933613972870723
6.6812083731457,0.957762795330044,4.81308911912999,8.56192982830466,"NMP-BF4",6.42268033402389,0.961305197400977
6.39471238400228,0.979430861382999,4.48586567458036,8.31681915309715,"NMP-C1",7.32909592219804,1.14611814919672
6.57369618530749,0.967026077248542,4.67446709005751,8.48359546718694,"NMP-C4",7.84287281748147,1.19306895183423
6.50225298925621,0.972518997523399,4.59875512552888,8.41435846685624,"NMP-S2",6.64094443603627,1.02132975247337
6.54249889029149,0.967497688810957,4.63686635036292,8.43702873202163,"NMP10",5.9351828194875,0.907173683788438
6.56079243730468,0.965539698984213,4.67239598556341,8.44209045558099,"NMP11",5.31974225567293,0.810838371509037
6.4513816735402,0.972973272977434,4.54225034809779,8.36142969273519,"NMP13",5.75487503266676,0.892037601227331
6.49931750260151,0.970218441201006,4.60013707674787,8.39919109982939,"NMP14",7.53668696760725,1.15961206151115
6.6130604240061,0.975197705375553,4.71163589808327,8.53477084116844,"NMP15",6.93381117058417,1.04850261845691
6.68001661100092,0.948559111223726,4.82621403634205,8.55479373118385,"NMP16",8.05889189268294,1.20641794204691
6.73839712108092,0.952049540270353,4.87630564181442,8.58957444512942,"NMP17",7.81289484075074,1.15945894852476
6.54356082643035,0.974838293353179,4.62654624609129,8.46396237592443,"NMP18",6.07862434494719,0.928947480765332
6.32723718709278,0.967034296641407,4.44106670612906,8.24370754489795,"NMP20",6.74541151985834,1.06609114221585
6.46148231493218,0.973344388520646,4.54851799529831,8.36709089986,"NMP23",6.97213658141302,1.07903051367961
6.57755630991239,0.971372158118615,4.68977232100999,8.47647547066228,"NMP24",5.88257361369595,0.894340289391502
6.63631869216549,0.967165689379639,4.72533731487508,8.52432964587819,"NMP25",4.79885108071375,0.723119443672746
6.61712034080549,0.966853178873418,4.72637436904009,8.50309284129587,"NMP26",6.63366981832284,1.00250100899863
6.48402821670691,0.973310774340925,4.57885919189144,8.40454840290816,"NMP27",6.63507293814192,1.02329488959438
6.37284755481663,0.975328068231258,4.44192388923968,8.26460198305345,"NMP28",6.0172587546569,0.944202525307392
6.59961842729517,0.976957646340336,4.68139421230011,8.51669189731017,"NMP31",8.20960629844655,1.2439516600676
6.46167492626718,0.970566350535102,4.57559797095731,8.35763849168304,"NMP7",7.37412988541902,1.14121028519133
6.41162732908535,0.966977803035295,4.52002881373276,8.30710476665648,"NMP8",5.26293315022051,0.820842023419863
7.56175809236777,0.954710637646869,5.70075977877047,9.43584767697605,"NT20",6.49737289834439,0.859241041432192
7.56925344905824,0.953747928771234,5.7174764751337,9.44945270488863,"NT21",7.76443362582808,1.02578592170066
7.57041429802152,0.952050149567163,5.70000893888977,9.43888985811124,"NT22",7.15677419392542,0.945360968658716
7.55901699689022,0.953218127642255,5.68520770345414,9.42088557980256,"NT23",9.35690683725406,1.23784704295592
7.37977429620079,0.949761029989864,5.52282471640813,9.22309037681899,"NT24",7.73660246446241,1.04835217906939
7.54289804847649,0.947421688574147,5.69685397396596,9.39436873052322,"NT30",7.98404086858181,1.05848452640752
7.51986603218721,0.950710131816868,5.65268781959465,9.38786288345294,"NT31",7.37814248979174,0.981153448507081
7.4049828063872,0.957820984499335,5.52174073182147,9.27184431671354,"NT32",6.83959223861151,0.923647281491591
7.53959415211684,0.947702819990865,5.69935110547886,9.40253142709125,"NT33",6.81416309265366,0.903783805225179
7.53479696120761,0.958765340853028,5.63998925279646,9.42112008556773,"NT34",7.76457545918689,1.0304956456242
7.38511469434854,0.952601353931052,5.50676428624531,9.25962861011163,"NT40",7.77973506843956,1.0534345626877
7.44670032353523,0.954811972856481,5.58224191027404,9.29637139273004,"NT41",8.41207538070631,1.12963796248387
7.36796954767393,0.953343471095204,5.48792982670157,9.23180971169009,"NT42",8.19330980310523,1.1120173271742
7.35822475464752,0.943890598868245,5.50563303607278,9.22788709104887,"NWS101",7.01393927234703,0.953210795568178
6.91489669917779,0.952309838788255,5.06269068514764,8.79701592946882,"NWS127",8.05199782594602,1.16444224349779
6.88101313852942,0.950692189704779,5.01854127700627,8.73651145154767,"NWS128",6.07317428100186,0.882598849724009
6.79314178838879,0.955803286906592,4.91305866863392,8.67528932265998,"NWS129",6.56324181975953,0.966157048418713
6.83479420713437,0.949462103918023,4.96221291312416,8.67176196758904,"NWS130",7.5495571973666,1.10457710482141
6.78091731386255,0.952083123521651,4.89441620412397,8.63577422916435,"NWS131",8.13568650837439,1.19979143407961
6.8098891162599,0.94508071802229,4.95064070654479,8.64450294985835,"NWS132",7.21508660709547,1.0595013345912
6.90034128640601,0.950960819082347,5.05138368019434,8.76666920697657,"NWS134",6.31017505741322,0.914472892789311
6.72072966139124,0.948537698326229,4.85478674579394,8.58032065834337,"NWS135",7.02357295571708,1.04506107366074
6.61371491723548,0.947149473791879,4.77129471009969,8.46404325421387,"NWS136",6.80654558873946,1.02915618134696
6.89859480744429,0.949778348640188,5.04438494073488,8.78103151158007,"NWS137",7.18535496995313,1.04156790919209
6.68291437825599,0.947051041447517,4.81335433762402,8.54006871477836,"NWS138",7.6325030663667,1.14209200273467
7.00395623825657,0.95166868990064,5.12686896105301,8.85726555581914,"NWS139",7.78479128828382,1.1114848556252
6.94227725716233,0.951007141266106,5.0838697474997,8.79743586237069,"NWS140",6.93113342901878,0.998394787800783
6.80450900276345,0.956982761094567,4.94383149782424,8.68569967616231,"NWS157",6.36117324567554,0.934846767502569
7.1887898665629,0.95853156347798,5.31993160035424,9.08371777896319,"NWS16",6.46568072503151,0.899411562313878
6.5012057504172,0.956560154866411,4.63969933291972,8.38244718332362,"NWS164",7.09107881150768,1.09073287075288
6.80583018804312,0.963391277262811,4.90641849455755,8.67708108343701,"NWS165",5.91411446336737,0.868977670609183
6.81226251405471,0.948032714326135,4.9438836969917,8.68270120769056,"NWS166",6.30965551129569,0.926220253297334
6.78705388201075,0.959454997621043,4.88633773471188,8.65418462905757,"NWS169",5.9263469925874,0.873184019990666
7.17264215855991,0.947523238276998,5.31633934504218,9.02561678010682,"NWS17",7.22999179495242,1.00799560819078
6.74170747813942,0.959690466373972,4.86656480393063,8.63708222289566,"NWS170",7.23116107646878,1.07260083590343
6.75332454989918,0.960982843673355,4.86968515239424,8.64001096725175,"NWS171",7.37403040849394,1.09191115487024
7.16958992486751,0.951821472401763,5.31080775602658,9.03597121932675,"NWS18",6.85572569204259,0.956222847315675
7.18052704073354,0.950896215177956,5.31200555554947,9.05196987091776,"NWS19",6.57940168604256,0.916283950846375
6.64359773503487,0.95924771820663,4.76637266491714,8.52750959130243,"NWS197",8.1932843344393,1.23326014927607
6.65852783893728,0.959275708530626,4.7806782231034,8.52918743262992,"NWS198",7.26591139502644,1.09121889564497
7.17582927086438,0.950394485375884,5.29581271779105,9.04024621315605,"NWS22",6.44495831593432,0.898148224080863
7.17345766157348,0.948687295734766,5.29569136813179,9.02902963223186,"NWS25",7.09652781512332,0.989275764898948
7.37949217413159,0.947731249110321,5.52713969433337,9.2310057197199,"NWS56",6.40031544162322,0.867311095478789
7.29842152827506,0.952313615235189,5.43661344981947,9.17575894852979,"NWS62",7.24797117703117,0.993087498296934
7.34351014983296,0.946090614209344,5.47145996331626,9.19313380788767,"NWS63",6.44576128396207,0.877749353163037
7.33088333084927,0.95359076957193,5.46817370538034,9.2152758163505,"NWS83",7.17598438391712,0.978870357098671
7.32904301088269,0.94820968510121,5.46165711261637,9.18863465834607,"NWS84",6.45279511978289,0.880441704353667
7.32731057076602,0.945708773326848,5.47763143855939,9.17976906609547,"NWS89",7.50320587427745,1.024005438532
7.21862808672741,0.949737245170308,5.3493574473505,9.06587424478377,"NWS93",7.0806041361883,0.980879476144105
7.25201191586593,0.953726387293053,5.3865882907801,9.12378929421421,"NWS94",6.65142625195358,0.917183580104386
6.55904683777596,0.957091948253825,4.69722060605199,8.43031571886556,"OS5",5.90968356884717,0.900997311806211
6.55575866311981,0.957679599862892,4.67919045530208,8.41599733901216,"OS6",9.26134738469287,1.41270413701982
6.58985904206556,0.960761148875319,4.72499529041683,8.48218913669391,"OS7",5.23765784963003,0.794805748680827
6.59448280599307,0.960679913261602,4.7097300325547,8.46439586685141,"OS8",4.03110841388836,0.611284998760613
7.29639453672309,0.971567782736126,5.3827402619709,9.18223712375615,"PAC34",7.10848778607962,0.97424662966103
7.32133536084735,0.971754616931359,5.39610148839821,9.22499212753552,"PAC40",6.92237146885599,0.945506677084495
7.32270163268137,0.970206391358529,5.40823900865235,9.22211190891335,"PAC41",7.55203699399177,1.03131840853475
6.9351331155869,0.970745175814531,5.0385558756317,8.82773354621147,"RAJA1",6.71937537307861,0.96888917070339
6.94720264548966,0.962199838256518,5.03657272873138,8.82401356892749,"RAJA17",7.99013860757741,1.15012315248424
6.86540930940346,0.954880758597095,4.99662042682564,8.7419883134778,"RAJA18",7.80099099849453,1.1362747138484
6.83460249098918,0.957939265340921,4.94755264771934,8.72061800016523,"RAJA2",7.35249397558999,1.07577492404037
6.81122970469431,0.963902050876308,4.92604799017472,8.71013035387427,"RAJA23",7.36973622267793,1.08199789791243
6.89196567016931,0.967727227871246,4.96811853682438,8.79484205690787,"RAJA25",7.02610754837867,1.01946351514633
6.91821978391194,0.96078794539213,5.05371816904117,8.81510306304364,"RAJA26",7.09218130043533,1.02514541630029
6.85120840790233,0.962180576284499,4.97555250459375,8.7279456783519,"RAJA28",6.19517723470345,0.904245917779672
6.93673549589056,0.959664265181213,5.04197286303117,8.82823486375735,"RAJA29",8.19040900261295,1.18072961084722
6.83261597075759,0.966533622504787,4.93934588443248,8.71402247877829,"RAJA3",7.43095551672856,1.0875710779783
6.79996961491316,0.959680125134747,4.9195668839042,8.69354896460754,"RAJA30",8.0543738494099,1.18447203524935
6.93230135765007,0.961168514913524,5.03716677508229,8.81765178033304,"RAJA33",7.15168638504062,1.03164678164899
6.94059163075745,0.965314519909898,5.06724632142255,8.83139878364849,"RAJA34",6.47680748339001,0.933178009593279
6.9310217210146,0.961129763853437,5.05332655677577,8.8063407584429,"RAJA35",5.75109931913975,0.829762126080579
6.97918716132007,0.963618905062183,5.08085615672882,8.84876935298253,"RAJA36",7.43159605856546,1.06482257701194
6.98617377743896,0.961312303773768,5.11450972183752,8.86825416074887,"RAJA37",7.50687615679088,1.07453327041956
6.96499182448052,0.960080420428665,5.08225238643272,8.835024614313,"RAJA38",8.7566876009893,1.25724305521958
6.93651255597239,0.962708127672399,5.05454305104726,8.83100731768868,"RAJA39",7.19748853786922,1.03762351466835
6.89378617636512,0.962617656897323,4.99634541996501,8.77319725133491,"RAJA40",7.54375012652446,1.09428258050528
6.88576275535368,0.961582408838614,4.97730522073863,8.75932068068114,"RAJA41",7.13058189122668,1.03555439601556
7.05053802477629,0.964487725188919,5.16079010588937,8.93761362720398,"RAJA42",6.83383059216871,0.969263702735019
6.97009456643464,0.962580789171767,5.081502855962,8.8568295785332,"RAJA43",6.42972052878233,0.92247249553047
6.89966505601512,0.965252978704622,5.01558072062412,8.79773714142503,"RAJA44",7.81632760303896,1.13285609367729
6.97499143099567,0.964389563366555,5.09225228009588,8.86702564631645,"RAJA45",6.00849991572478,0.861434737973159
7.08588325513871,0.968059323236378,5.18506787944125,8.97903998513505,"RAJA46",7.84841950211109,1.10761343639403
6.94532752420425,0.960422317683623,5.07357149976562,8.83583055674721,"RAJA5",6.16327278129019,0.887398435827738
7.13383555789846,0.962413156611855,5.25739123393858,9.02557998125479,"RAJA53",7.6111601034503,1.06690994510286
7.12343878838471,0.962905924406272,5.23303846376915,9.01579792348512,"RAJA54",6.38368374801918,0.896151976265768
6.93508681987183,0.962930234979621,5.04859649483712,8.80235369970062,"RAJA8",7.54584175288417,1.08806738096808
6.96174607335803,1.01108478998424,4.99546677819542,8.92782921282465,"RED2",6.69551542511009,0.96175806393359
6.99767565182297,1.01353960706998,5.00014190480503,8.97687675907923,"RED3",7.41771267074547,1.06002521977609
7.00237508281317,1.00781316450804,5.01211798611258,8.97647793611198,"RED4",7.11238600605791,1.01571051563844
7.01120188482717,1.00933432740857,5.0345317682452,9.01370938570074,"RED5",7.04243254145364,1.00445439414518
6.99938536368823,1.01300831526057,5.03738806570836,8.99628832112098,"RED6",7.44799295117752,1.06409242586022
6.50812918593514,0.965779209918071,4.63954556035733,8.41490277862456,"TONGA3",5.4671275681846,0.840045950532103
6.58403835513308,0.959636795851119,4.69695324846266,8.46692115271198,"TONGA4",5.93724631007635,0.901763627401643
6.58059537258851,0.963527335031263,4.6802549638929,8.46595319649558,"TONGA7",7.11249240253882,1.08082810138516
4.86838531669104,0.944686873608339,3.00265220502848,6.71013535575854,"A1021",7.65121606601711,1.5716126740801
5.27533908163175,0.94586985584064,3.40050531990313,7.11014912699585,"A758",7.31745953718355,1.38710695633998
5.34966260736294,0.947223628267578,3.48796352709816,7.21188268470492,"A755",6.98726848741877,1.30611386179793
5.17215461797262,0.950795067311405,3.32249448548346,7.04081418392722,"A996",5.97338048392917,1.154911429595
6.49501874294349,0.956289149082556,4.62492161563391,8.3557564258964,"A230",6.92161774940861,1.06568095079458
5.12366239909019,0.951963633895583,3.25450279338232,6.98233387337335,"A992",6.57861250502466,1.28396681760157
6.25159037583893,0.941135905580236,4.41081542329626,8.10759410049048,"A378",6.97070895115979,1.11502970157803
6.52257489401747,0.964714416750247,4.6300613599115,8.39737185573772,"A183",7.77682902858705,1.19229432470296
5.31176980622749,0.942973387116318,3.46596258134084,7.16378476704996,"A757",7.42887828564899,1.39856931995423
5.20878798690945,0.94609265660539,3.34864401542077,7.04718507802227,"A1041",5.96663379997747,1.1454936954571
6.43571363749519,0.952117796741695,4.56372957695941,8.29972993443061,"A89",7.40405913705686,1.15046435470963
6.16886494083188,0.941390662108659,4.30572643950995,7.98912200254168,"A414",5.67271368863274,0.919571711010384
5.14109847204747,0.950342212985489,3.27746187308784,6.99245811259752,"A994",6.2135736747905,1.20860818141768
6.5737816642861,0.944995606087349,4.71717092710687,8.42254972529905,"A229",7.04326849786604,1.07141807525044
6.57884842908494,0.953328590113956,4.68890012796735,8.43391537904022,"A227",7.20471963716492,1.09513385432518
4.80540466607102,0.957862609117134,2.9318066060272,6.68796903694325,"A194",7.44365529630453,1.54901736972562
6.18390155995001,0.946237419524005,4.32398383576254,8.02638331455414,"A413",6.94682517980227,1.12337253632777
4.74108854799534,0.95593844066514,2.88182673469364,6.61345130909077,"A195",7.73113793716362,1.63066727374931
6.17089657079636,0.945358473953232,4.32732980851712,8.02696029016862,"A440",7.33544132973341,1.1887156502425
6.10865033331099,0.947488699957576,4.24881514214847,7.95764255845426,"A233",6.64248245546472,1.0873895366449
6.24179792949808,0.950865968985891,4.37157894676343,8.10677014172879,"A376",6.79831013624832,1.08915895917108
5.2185997495974,0.954690558728238,3.34163394750154,7.0904079815925,"A304",7.5821188127389,1.45290291966228
5.25017537125692,0.953524997871072,3.36905789200802,7.13073227131655,"A1022",5.68937736547588,1.08365472830173
6.58811208075826,0.94752594965217,4.73560744097038,8.44491406611892,"A226",6.83482663682227,1.03744844547873
6.07280713032538,0.949985576232803,4.19431158951289,7.94340776450223,"A435",6.4826951870184,1.06749564870028
5.93967647138893,0.948891267835869,4.09676676422927,7.78318524527194,"A102",6.38826136053663,1.07552345507512
5.13942199843697,0.948953568328381,3.28205357713146,7.00283168249572,"A1042",6.076186035887,1.18227030933341
5.21734325538984,0.952843541652493,3.3471342712782,7.08851135277386,"A1024",6.03724290510101,1.15714888010563
6.56899555084373,0.954914533300638,4.69156079921366,8.43135825746065,"A228",6.08553115103771,0.926402081404375
6.25568865155431,0.947792893090316,4.40523539268552,8.14691453431539,"A418",6.26447641127564,1.00140476296229
4.89232764647129,0.944454318419558,3.0518453904339,6.74639659242636,"A147",6.16273779549196,1.25967397133285
5.26078805575509,0.949536028899422,3.41151776308105,7.13074399118535,"A1026",6.69562413182152,1.27274166167876
6.52688871480492,0.943125865481031,4.68386715135459,8.38691849718862,"A213",6.36626080376455,0.975389819244808
6.60312847087345,0.96937191966126,4.70819899560215,8.50782717957722,"A186",7.15821278465416,1.08406383674484
5.205173228427,0.944903034110959,3.35066627723049,7.05245218114637,"A307",6.53164336945626,1.25483688684653
5.03317890497807,0.948564138786514,3.18125522374709,6.90569362688905,"A156",5.96340966341381,1.18481972844551
6.23897019693924,0.943981631114881,4.38740112991731,8.10203459860726,"A398",6.72752772826633,1.07830739944338
5.20663741855279,0.94727501240566,3.34234387890666,7.05376344175862,"A308",6.35935152561689,1.22139319764358
5.88750313221902,0.944596338008269,4.03797498786568,7.72413741649391,"A410",6.48871849084388,1.10211720403761
4.89532868410275,0.954515296777659,3.02120947326578,6.78450658195946,"A157",6.41218738397876,1.30985839721077
6.46887323488905,0.950529996346426,4.6086995970029,8.31204767897514,"A254",6.80390676778035,1.05179163676981
6.23938496624066,0.955192997140363,4.37164115479809,8.11689684941383,"A400",6.72007418549551,1.07704112213875
6.47594492214225,0.951146009618318,4.61929391175056,8.3489470110338,"A250",6.33164922924634,0.977718202574186
5.90733305142785,0.94967044391639,4.03956956184534,7.7658884322662,"A823",6.75869517567272,1.14411954038026
6.56424052658365,0.960877883308003,4.67077895389494,8.45851425119939,"A181",7.6942795598789,1.17215076576168
6.46440708939947,0.950459877152697,4.60837243441166,8.34583571351475,"A232",6.60775948056851,1.02217564413666
5.25996905377125,0.951096256361173,3.39634567224538,7.13660706190124,"A759",7.4858820531215,1.42317986600213
5.1258068172086,0.947597354767076,3.26857219287164,6.97481934206331,"A1044",5.70580450297836,1.11315246681216
5.26102529539647,0.954918732756624,3.36453526948945,7.15036952329213,"A1025",5.92098768809173,1.12544368362432
6.51182531317274,0.966217222893059,4.61045676242307,8.40650537561115,"A182",7.15575247031135,1.09888581560012
4.86137383102864,0.950600840044087,2.99370562186131,6.69938472449323,"A148",6.25799224781858,1.28728883343136
5.47970582303902,0.961726968498015,3.60109279089858,7.37416351808875,"A77",6.66449564504226,1.2162141290545
4.96910870905608,0.952840546599367,3.11130567961792,6.8338741867152,"A955",5.4608124207608,1.09895209392554
6.25042077067988,0.95176582988362,4.38572542440188,8.11692456586389,"A231",6.85009315002844,1.09594112162201
4.8550007359685,0.950959595825488,2.98715991522294,6.71090769622664,"A961",8.06299793409771,1.66076142365183
4.89146469675397,0.946378077432786,3.0341195528001,6.73703682771302,"A146",6.29717776455287,1.28738080614826
6.57835378749837,0.969660385999064,4.67617872402046,8.49535050492732,"A187",7.85721698696662,1.19440474635138
5.18320686203409,0.952770611923969,3.32461713701322,7.05101469286635,"A1028",6.11456490228625,1.17968760750688
6.04847948085058,0.942307069173296,4.1980672086844,7.88303040977194,"A442",6.31752442943285,1.04448141874897
4.9273201446467,0.9526826224497,3.07516803436802,6.78454863019351,"A162",5.23621853361618,1.06269095165352
5.60192123829464,0.951309208683809,3.7415838910961,7.46341798900598,"A894",6.36175257781708,1.13563763344765
6.20614813351628,0.956141234475285,4.35192702851624,8.08969484430872,"A127",6.12795738373155,0.987401082265107
6.43354005013261,0.953029676703304,4.58083777334887,8.28428237121446,"A84",6.26052929847554,0.973108001145729
6.51750133263779,0.950445701196798,4.65012588082778,8.39231878332045,"A212",6.20641798421234,0.952269538194394
6.66622981575336,0.966455416447237,4.7722130372135,8.56357333836459,"A184",7.47392175452242,1.12116173025724
6.24298659097659,0.952758977725597,4.36697565280416,8.10404438708784,"A405",6.7472067598913,1.08076585806599
5.77874204592262,0.946246042442759,3.9219581674224,7.63028771328996,"A205",6.90235589520922,1.19443917730839
6.24398196787937,0.942944781258684,4.40348618195746,8.09892431416236,"A377",5.94222221831503,0.95167190566586
6.25356990227642,0.942181077815851,4.4095221806122,8.10109450945371,"A401",7.08513924926728,1.13297514219648
4.87768978058228,0.943139115176813,3.02959807253826,6.73026700782121,"A158",6.67610691405113,1.36870264702528
4.94518541853037,0.949233132216882,3.08570801794485,6.81181209585269,"A163",5.98500246274278,1.21026856552558
5.81925575778179,0.948091735466827,3.96468147492404,7.68102482109751,"A830",6.3579511571131,1.09257118465896
5.21322315416886,0.948741854910247,3.34506771885556,7.07697849424574,"A1061",5.58285282697965,1.0709023308383
5.78553567794899,0.953155255907685,3.9138668159318,7.65904951181159,"A142",5.63436332196718,0.973870638019226
5.27790616630425,0.953725370085986,3.40848806262486,7.15030364206728,"A310",5.83797045713675,1.1061148632024
6.18048954887112,0.942957506557286,4.33908314124919,8.03831867666096,"A438",6.3125696088865,1.02137048513244
5.38567365583221,0.955342204908758,3.49859365869918,7.25661649851557,"A264",5.86132026887242,1.08831701351327
6.60327582150725,0.962652749819722,4.70871683425607,8.493373533768,"A193",6.7747008096402,1.02596059785578
6.5746362115605,0.966675875460143,4.68469079621195,8.47428668375524,"A191",7.52131003918233,1.14398877704553
5.83697726394368,0.948817682360292,3.96761053702857,7.68827289122198,"A291",6.00652309590066,1.02904685495424
6.4304717737311,0.946758546663432,4.57360353061135,8.28820169707078,"A88",6.4469175145607,1.00255747033939
5.47980773375824,0.945672979072664,3.62512675626227,7.3387299106569,"A624",6.15271815566224,1.1227981809943
5.8339074867987,0.95500269113102,3.94593449821705,7.69256678582291,"A477",5.94279193861611,1.01866406899043
5.81938327024332,0.944315108069628,3.95920443237481,7.66377907807903,"A282",6.04071968244728,1.03803434177222
6.51386989478546,0.944523085375334,4.66516639571336,8.37315974134187,"A211",6.15392914186715,0.94474240985279
5.21849979947191,0.945321762264723,3.3591763950194,7.07210618138117,"A1048",5.56437352565488,1.06627838257615
5.83142184273522,0.94477207747036,3.96799691627472,7.67909580594984,"A285",5.93383322743628,1.01756199216297
6.42654183704375,0.94932165469144,4.57166398347938,8.29210571317171,"A90",6.01425029058338,0.935845504952002
6.55493536274525,0.976751825897753,4.63179570798752,8.46972417125236,"A185",7.37177709467654,1.12461476532229
6.55145061825306,0.967279606732685,4.65914601670743,8.46243075684825,"A188",7.1761733612917,1.09535639958853
5.77795832577038,0.949597267345334,3.91596482593335,7.64099104817386,"A471",5.77835383159727,1.00006845079258
5.01362812139125,0.950173599371857,3.16753289331232,6.88064826201204,"A1072",6.83858489177592,1.36399922894127
4.85709668668592,0.953222162745222,3.00010770845328,6.72573496537756,"A1280",7.23412968006476,1.48939379771761
5.79185211002464,0.946196480135111,3.93340024033029,7.63806797245426,"A203",5.9714055368635,1.03100103791119
6.43035612745021,0.949749720003481,4.58352323280599,8.29705723777182,"A92",6.96450276523624,1.08306641610499
4.89792366366004,0.952081743698929,3.03218038382612,6.77248655343658,"A160",5.66311208912883,1.15622710315926
5.31011050935963,0.948209742825846,3.45182167156759,7.14877879181585,"A995",5.44399294840366,1.02521274064034
5.89853687274537,0.947988857045804,4.04643205559291,7.76951624502611,"A860",6.26495831498161,1.06212073436877
5.96814357550546,0.947196292864956,4.1175330871509,7.83582405664179,"A445",6.57995489950286,1.1025128360699
5.88525693230049,0.945306981611006,4.025723017083,7.7366561349815,"A828",6.17263648500996,1.04883041743381
4.73393267957252,0.951975933393005,2.87722695186823,6.59439687943738,"A766",5.45045172911605,1.15135809865556
6.0206889684367,0.950846833375392,4.15949930506228,7.87675729907733,"A103",5.20273848379631,0.864143374798388
6.00413025011543,0.946275671212181,4.12906451522735,7.84645247608481,"A101",5.61369181608704,0.934971691525032
5.74536051717094,0.944249712545682,3.9102295366602,7.6115449042949,"A816",6.20025559219779,1.07917607148713
5.08018295281888,0.957867159835881,3.21471408720982,6.96689446917574,"A798",5.76625767078952,1.1350492146331
5.77139806396489,0.95181598270925,3.90302208403494,7.63091432466867,"A262",6.48887711665771,1.12431633457629
6.43571324647632,0.947532516685215,4.58895141120428,8.30600316525946,"A82",6.51520146029418,1.01235111179967
6.16385533517792,0.947336491296847,4.32290987058966,8.01334408426609,"A441",6.54545334274657,1.06190898176841
4.90917045042474,0.945626564038053,3.04508719186322,6.74621943306014,"A159",5.78492662690151,1.17839188623019
5.45217067663026,0.950871296606431,3.5858122981346,7.31133093994479,"A638",6.10063915478556,1.11893767026312
6.18175047959875,0.948611195461806,4.30730981831851,8.04500691010294,"A439",7.06735465878928,1.14326106854575
6.47499887719609,0.955815137190183,4.59285440754647,8.35251848717625,"A252",6.05944741381178,0.935822156688271
4.93599391312025,0.951688349111362,3.0715392366565,6.80980730353827,"A161",5.76747324061337,1.16845225948982
5.77608092755726,0.951227108232936,3.92119772766578,7.6478523830834,"A470",7.15164049342309,1.23814755768105
5.3657527777187,0.948811109160695,3.49809888990443,7.24412575651369,"A309",5.79514091722806,1.08002383957986
6.53811477091732,0.972841029187536,4.63179043472122,8.46133646857114,"A192",7.112537148068,1.08785749367781
4.8010356218956,0.951970190016912,2.94329949717628,6.65757869698673,"A1018",6.88495566517097,1.43405635937618
6.02836212158706,0.943725533245758,4.1604101675243,7.87198341246464,"A452",6.29236296014011,1.04379312875179
5.41707427956791,0.94823866399938,3.55380111156463,7.26254494121335,"A636",6.04626557810035,1.11614965312653
5.914190553512,0.956084278225528,4.06034489070728,7.80674938184977,"A143",5.79534625150919,0.979905229476883
5.85509756768307,0.946557980662532,4.00161337932602,7.71332287424147,"A862",6.09896302576831,1.04165011005645
5.69223905663526,0.941848749874613,3.84893757589092,7.52933749123607,"A924",5.51901258995198,0.969567956482545
4.89687784088975,0.946299412247543,3.04826926501892,6.7342576166859,"A956",5.33092572145511,1.0886376778569
6.56727432698414,0.964395046960572,4.66647260266678,8.45585115327616,"A190",6.12517160145933,0.932680941359757
4.95215662978275,0.949173791730527,3.09916474036487,6.82231716542619,"A155",5.41157015611789,1.09277039493706
5.42427283377524,0.946156379229376,3.5799547809378,7.2775744744843,"A850",5.43311119128221,1.00162940872958
6.16270382817271,0.951660464151294,4.30330575105538,8.01506525292844,"A416",5.83467086383051,0.946771259257568
4.5246515937916,0.955848130803238,2.65961149650491,6.39590918749893,"A196",5.17834506118861,1.14447376860883
6.16419916786521,0.951005809291718,4.30000856058631,8.03325977160946,"A415",6.63555037052275,1.07646592684979
5.84398328953458,0.941210166614172,4.00003226347655,7.69466203877422,"A104",5.40401657484304,0.924714583719047
5.13080128892981,0.945192295173941,3.25841941606014,6.97222742827606,"A303",5.90841395212777,1.15155774301292
6.44815728709403,0.947749364247639,4.6072932435302,8.3073428289037,"A95",6.03909689841356,0.936561660879582
5.48415667851545,0.940373407105092,3.6688821022246,7.3138897773238,"A625",6.11845445183975,1.11566003863624
5.95578409051009,0.944086978556961,4.10353207771087,7.80233574320279,"A409",5.13918876163475,0.86289037405226
5.27287468929372,0.946584743980966,3.420240448562,7.12058090637675,"A301",5.82072515731489,1.1038997701071
5.31538042633547,0.942106283513893,3.47311212352852,7.17660180584624,"A1045",5.13326090671223,0.965737255847029
6.24082845880255,0.946358408364437,4.38852134715129,8.082990263117,"A399",5.82589095688098,0.933512432738588
5.95695282952727,0.947673662962382,4.09602279444967,7.81994250055475,"A899",5.63378612378075,0.945749661782673
5.20039505580508,0.951239417311251,3.34567545499642,7.06901479585129,"A1055",6.11649961818466,1.17616057098527
5.82750615386322,0.944387317495479,3.97876802555555,7.68097395324425,"A292",6.17782377485992,1.06011450039645
5.14345751298254,0.954187301144077,3.25692790013206,7.02280489478465,"A998",5.3496307998328,1.04008457080278
5.8405625107369,0.954627793522093,3.96106709367564,7.71149733795959,"A463",5.77386704642149,0.988580643697795
5.58205944516302,0.950389999700656,3.72396443188539,7.44152452946419,"A1304",6.06742508791053,1.0869509985545
5.61564642359458,0.947591452248334,3.75626271217073,7.47559241476579,"A824",5.9051211288933,1.051547886648
5.21452284043308,0.944217882536955,3.34730956556665,7.06896075305179,"A1043",5.19030983229225,0.995356620561121
5.87625629699242,0.948185796032923,4.00607593846701,7.73821395763571,"A280",5.69280915406074,0.968781630061716
4.9850084288007,0.946760718995324,3.12125476174537,6.84983497752204,"A1009",5.93082640957521,1.18973247373266
5.96195595736247,0.940347289826077,4.13357272096605,7.79762715769003,"A476",5.56705486834023,0.933763165671398
6.45119849645613,0.94491356159177,4.59602097617247,8.29363092121874,"A79",5.74282199254846,0.890194588757917
5.71052973971607,0.947867652892316,3.85667330508765,7.56588920132202,"A814",5.61727460724798,0.983669617930626
5.58063773754508,0.952367637167636,3.73089680415714,7.45291679345716,"A895",6.02050298752848,1.07881988953056
5.69891281881121,0.954735919560925,3.81330176266465,7.56449984457266,"A67",6.07268348575057,1.06558631072678
5.94445303094005,0.951255013558177,4.0806552697026,7.80566621082659,"A422",5.1650002366819,0.868877289432483
6.2516290992373,0.948741865607534,4.40151124584516,8.11915109644118,"A402",6.34988550759729,1.01571692862777
6.56100946128454,0.963720282022764,4.68060402819876,8.46406228327972,"A189",7.17744431858863,1.09395427044292
5.25868716332363,0.947641583079918,3.39303023115914,7.12660972373139,"A312",5.86489647335071,1.11527769026746
5.99708502133556,0.951102092405707,4.13099374106241,7.86316488911932,"A420",5.98194815958778,0.997475963456591
4.94558732216194,0.941887749715123,3.09299574083766,6.80456058545171,"A1030",5.24979304186516,1.06151053452034
5.82450832660101,0.945604342177054,3.95595894312846,7.67182040232094,"A283",5.91912680213869,1.0162448863032
5.8076540770273,0.946358008730706,3.95348292277827,7.65953159951885,"A825",5.785914280797,0.996256699186631
4.78647481642986,0.954165219686441,2.9046399616169,6.64145842355571,"A767",5.377112287598,1.12339717512787
5.63475080778114,0.949799902545965,3.76943236525042,7.49187379526575,"A898",5.49776640700258,0.975689359573915
5.90628714291692,0.949541715706086,4.03509981925663,7.77302915926867,"A284",5.60895090240101,0.949657672693328
5.26388358913371,0.943968708617579,3.42085514730268,7.12291002225466,"A302",5.824135538293,1.10643319512533
6.23366929508337,0.946796383401472,4.38261691978112,8.09305795852217,"A437",5.87654506391271,0.94271043036365
5.50607764459366,0.944185350630965,3.66355238584154,7.37059277513674,"A941",5.20295301842664,0.94494726632403
5.81551879769202,0.938711253764951,3.96953939282668,7.62796530905655,"A943",5.82622132184878,1.00184033867469
5.72536574355567,0.9435446551123,3.87861127281331,7.5666184852079,"A815",5.25867349703673,0.918486911155984
5.60576489812903,0.950206850263496,3.73397814192293,7.47538107791782,"A821",5.57405336798142,0.994343050284147
5.9567290101343,0.945813909400069,4.1163300737703,7.8215314636028,"A827",5.99734058259729,1.00681776397649
5.12643969883789,0.950256595256791,3.27343566523216,6.99518427341911,"A672",5.35877726891662,1.0453214284626
6.13153802664606,0.946750845014796,4.2929002300182,7.9768416771351,"A408",5.55604075069325,0.906141448776498
6.22479348818558,0.948175112306384,4.36771205263875,8.09277384114825,"A411",6.97514878296246,1.12054300214152
6.05861525891438,0.951368154467934,4.20640294693331,7.91947399910171,"A123",5.1409001072547,0.84852724385999
4.93161497184073,0.95492579473044,3.05859269812445,6.80052091660449,"A799",5.53654764984234,1.12266421475637
6.25471478195474,0.946482299420339,4.3736231877087,8.08359915158238,"A403",6.73614950262392,1.07697149069981
5.3866636924869,0.942771112558171,3.53545552456166,7.24298499622313,"A364",4.91642717346824,0.912703568319194
5.26984805858469,0.942800388471162,3.42298439299419,7.12724752384524,"A1046",5.49422674477146,1.04257782837235
6.25804118984509,0.94936793195799,4.39777753155072,8.11091887289787,"A417",6.60052561342219,1.05472709641682
5.84032451460334,0.948690690885118,3.97675021620675,7.71057889070248,"A863",6.33288227265028,1.08433739543331
6.24358371479259,0.947985765718689,4.37329328588934,8.11504806490476,"A404",6.40970903877413,1.02660736711001
6.04011671334527,0.947673290930812,4.17210054427769,7.89637348591152,"A858",6.27746364164658,1.03929508974171
5.97264651020795,0.944698506335705,4.13066634107777,7.85020713569847,"A446",5.21609450610925,0.873330523946853
4.98783657418671,0.951253159654244,3.10960480359705,6.84309028847821,"A342",4.19059874071337,0.840163601670664
5.6086321884494,0.948571714456867,3.76118834552168,7.48097622140699,"A859",6.09255684185666,1.08628211605744
5.44348785030002,0.948112727915119,3.58706306693454,7.28915656122555,"A637",5.7678151388072,1.05958078669897
6.02437315884938,0.952249513774242,4.15898685858382,7.88396992879608,"A451",6.21406091174286,1.03148672034282
5.99899298026186,0.947121457053794,4.13839979324451,7.84742375990681,"A479",5.28972556247933,0.881768920197742
4.68037398546691,0.955600127441322,2.78683011987995,6.54396688335623,"A764",4.75446911508433,1.01583102757333
5.41309481672283,0.939359454453305,3.57586060428872,7.25033073876975,"A881",4.86823548697974,0.899344210993712
5.8394087048971,0.945708083738271,3.96825417720666,7.69537011185745,"A902",5.6548618019709,0.968396303075784
6.09600223627862,0.952250071107334,4.2260878849551,7.94751891931316,"A444",5.68444220723522,0.932486896642832
5.27337759280113,0.950887565423328,3.3978437044736,7.12701420071101,"A673",4.45493627009994,0.8447975119744
5.41212702856709,0.950166796293374,3.54326823330995,7.28593078107873,"A626",6.55335869004897,1.21086564588341
5.14076583667594,0.945889227940081,3.28120021859403,6.98867976999112,"A1003",4.98978801037651,0.970631257852224
5.37522893750268,0.948482683361848,3.50918610351587,7.22899284485511,"A926",4.54718260498993,0.845951429764133
5.33838969332906,0.951390685996527,3.48491851401909,7.20268536499385,"A314",5.00283942982565,0.937143917402149
5.04392156921518,0.950809973616603,3.18078097625933,6.9077123775392,"A973",5.0425483888345,0.999727755405822
5.75057388258832,0.941334830345347,3.91506030835079,7.59220895560772,"A953",5.21498195219417,0.906862872935895
5.1303386824149,0.93994633025223,3.30222801836551,6.97303453441017,"A954",5.87258622424976,1.14467807834579
5.36522455255647,0.955211807358025,3.49570858055625,7.22200482923153,"A925",4.9417995531208,0.921079724569233
6.07157319450507,0.951777129822992,4.19820248636005,7.92709327986117,"A421",5.18344602547926,0.853723715324788
5.16472464187973,0.946590299229039,3.30556901931076,7.0285019627092,"A993",4.61900734244736,0.89433758094144
4.89054032121699,0.946705432997747,3.02995499301796,6.75428998438676,"A1052",5.78764148083639,1.18343600107486
5.1788807550932,0.947638759338688,3.33255127213588,7.03001615270055,"A674",5.45443468284888,1.05320723546003
5.93066451263383,0.950798394131565,4.05207895873417,7.80518252614439,"A890",6.14668608200809,1.03642451346119
4.95674822003819,0.953101985930298,3.0777736963183,6.81928259758381,"A797",5.35756771130171,1.08086339540975
5.86956393968574,0.944078488185955,3.99741567271358,7.71471860430096,"A861",5.43829957466292,0.926525314409316
4.85742607998288,0.952648880576342,2.99286278829301,6.72681968723302,"A765",5.45850478866857,1.12374428324554
4.83857790148467,0.956736853244461,2.97420043366583,6.70833419395981,"A1071",5.31949812858407,1.0993928871026
6.0742291765522,0.952838022773339,4.22020509688324,7.95014314799182,"A434",5.74612278251518,0.945983863219455
5.89695615025807,0.94396301091786,4.03857120294725,7.7518734373859,"A281",5.99198232978539,1.01611444567434
5.26598290390355,0.948687819186901,3.41496345506082,7.12975039766915,"A1385",5.80466129590777,1.10229398800458
5.22066819718352,0.94090460125779,3.36459490484407,7.06585121826264,"A997",5.75357081762224,1.10207555820656
5.12405774201635,0.946361729335567,3.27645684526302,6.9651234811679,"A328",4.8373251340294,0.944041885860146
4.86523730776384,0.955153509521274,2.99654409531588,6.72246674597404,"A975",4.60299615780044,0.946099001266615
5.25969319644083,0.944417943896978,3.40770428147041,7.11244769561842,"A358",5.07810804803418,0.9654760949689
6.2023523597157,0.945463320739642,4.33659618527483,8.05322820853961,"A412",4.912772525875,0.792082139315959
5.2301097917174,0.945628214768112,3.38490415680163,7.09460929087904,"A937",4.56422839262557,0.872683093546842
4.81192337440525,0.951187184085343,2.96647613911576,6.67489035392914,"A1020",5.98571704330624,1.24393440576058
5.28319094082526,0.947746824980677,3.43797897980619,7.15462200983045,"A336",5.10640092592414,0.966537265663636
4.99704248722952,0.948745674360361,3.1396930169347,6.85253551352784,"A324",4.50694260656893,0.901922010486585
5.92926663792557,0.943951268967888,4.08421838848311,7.78065757219477,"A952",5.79518097349938,0.977385792777722
5.12471109083766,0.947281758339569,3.26008101498526,6.98367348098276,"A999",4.60471730565327,0.898532078010392
4.89290447270047,0.95085330647549,3.02321957448305,6.75278359915025,"A989",4.70690915134194,0.961986725390559
5.57463426784285,0.941268504452404,3.72122154724911,7.43429630416036,"A897",5.5710019113269,0.999348413484827
5.75376557396488,0.953610455490015,3.88413619689913,7.62104784935719,"A204",5.53688928613946,0.962307069164104
4.83856898017198,0.951064638164815,2.96466623199003,6.69916144424894,"A361",4.74232438332373,0.980108871601779
4.84938302371378,0.949725285717904,2.97013537291822,6.71510891561022,"A1038",4.94379090653536,1.01946801940781
5.12526511066372,0.954647645339031,3.24688129225818,7.00071625299805,"A667",4.34061370556013,0.846905206235863
4.69669327711995,0.952481340402422,2.82792886787086,6.55081531637731,"A1019",5.99484678389117,1.27639733535405
5.22985026035798,0.942757703873577,3.37859984775079,7.06979710729154,"A345",4.89056589645515,0.935125415258141
5.94832763245515,0.946862232807776,4.0788853492824,7.79442018681809,"A475",6.46531130285496,1.08691244032677
5.43111015748537,0.950336275564216,3.56645071468881,7.27968138172108,"A928",4.09413065051129,0.753829425622788
5.15581655592718,0.948916759691098,3.30268769099594,7.01837183317052,"A323",4.24715042289959,0.823759025719607
5.03812484425514,0.950617664748011,3.18022489026422,6.90384196084334,"A971",5.27294485604195,1.04660861313402
4.93284403519463,0.949522566798876,3.06709257626588,6.78934652688988,"A1016",5.34637181061799,1.08383151230263
4.95098882402549,0.94905805167267,3.09539694994051,6.8120568255636,"A965",4.92162461364893,0.994069021074322
5.10008153145148,0.945179966360555,3.23840286023669,6.94267830808564,"A319",4.66775210704402,0.915230879792539
4.97467019882154,0.942880285756974,3.12154773094373,6.82163551006204,"A369",4.16692617161235,0.837628627642384
5.57914052767756,0.950296631988838,3.72883556381238,7.43327259132341,"A1300",6.13233565673835,1.09915418446918
4.7739436615542,0.956315148319634,2.90368784382621,6.64693925882566,"A1067",5.05429769500023,1.05872587808352
4.93688849592878,0.94935205065944,3.07522111118358,6.79114864077569,"A1031",4.79680930995114,0.971626017866686
4.84657428885221,0.954816525160527,2.98213964039465,6.72484542967581,"A1284",4.53193977741663,0.935081050514529
5.90477343105317,0.945944346168572,4.04131265827873,7.7600893698224,"A1347",4.59373673922904,0.777970025923536
5.21379810720874,0.944408696029671,3.37779008166121,7.06457302265503,"A331",4.72854496577353,0.90692905028979
4.89812331288437,0.95254434469256,3.04022216732094,6.79467747007388,"A1017",4.93540475445833,1.00761137259977
5.63117190151227,0.944751359994367,3.77024045583852,7.48003272869458,"A1295",6.10678566584344,1.08446088534492
4.86300259195545,0.947348961900445,3.00013305586622,6.71112793783683,"A1289",4.88363490889026,1.00424271148219
4.90130282893423,0.949553733838371,3.04572380826517,6.76511613452831,"A972",5.33479393335805,1.08844405651998
5.51854514326338,0.9467031266739,3.64864170038312,7.37396523434072,"A1298",6.28156681358861,1.13826500472804
5.07718449249039,0.948530242296895,3.21800847846743,6.93384141262499,"A360",4.58045219807577,0.90216382817104
5.82147622814531,0.941378350422838,3.97220475397686,7.66900986089569,"A1349",4.39583091565028,0.7551058775088
5.03149100182919,0.947876569225295,3.18000204665534,6.89787123130944,"A1059",3.85459514352562,0.766094015098961
5.22772868225521,0.951446683741924,3.37701314422424,7.09712357892797,"A346",4.79200238784315,0.916650935636527
5.13603440198878,0.950452839113853,3.28760913914609,6.99548885089575,"A669",4.99037136041464,0.971639005860682
4.8102500062095,0.948490995288543,2.95829314320068,6.67483407876881,"A1287",5.0779252347303,1.0556468433398
4.84759840502661,0.945658207339865,2.99637454404753,6.71070969542363,"A990",4.55969230787254,0.940608508977242
4.97691566857154,0.958623963061216,3.09232475167211,6.86731795189147,"A883",2.84963656516408,0.572570795836285
4.86140238882492,0.947645507407931,3.01042014521205,6.72917574895119,"A967",4.26481635160404,0.877281082801894
5.02100270805122,0.952499280125369,3.14676917063593,6.89717965079015,"A1058",4.34249624395545,0.864866341735332
4.94903576597442,0.946928991172457,3.09301898089056,6.811262637682,"A1064",5.08304667776206,1.02707818616082
5.31551335706564,0.948968120592794,3.45592482449105,7.18117038636281,"A1384",6.49678443403267,1.22223085478599
5.13245900054605,0.948537359096673,3.27171987088444,6.98632792918727,"A1000",3.86336949868066,0.752732656660216
4.9800745309621,0.946728857030723,3.1040348912447,6.83428604382099,"A969",4.3696986413966,0.877436394622073
5.55604417622441,0.957941508571765,3.67992704044492,7.42595797117584,"A938",3.7941962188147,0.682895257573893
4.88707480051801,0.943458548588422,3.05910308758736,6.74673649719953,"A1286",4.50985900618327,0.922813582821618
4.88720538495117,0.949512058730438,3.02471243608502,6.7412858158697,"A1008",4.38747634138505,0.897747484665796
5.61525991101425,0.949564913426969,3.76781568287819,7.48362113240908,"A1293",6.21506965848695,1.10681780665151
5.71211751870599,0.950472789424328,3.85229530286332,7.57669645692317,"A939",3.97847531909599,0.696497455815171
5.58188133562704,0.945817023419908,3.73394734822101,7.42872682170044,"A1363",5.04793643078453,0.904343200305148
5.69505049246771,0.951123720941211,3.82321962096079,7.57517393614901,"A854",5.20758361574963,0.914405170355766
4.90848388311377,0.946865093898353,3.03858161641749,6.76040648966139,"A1290",4.3088397126271,0.877835155464281
4.96133545569654,0.954812117628015,3.06999475754163,6.80483540055162,"A1034",4.74248469148363,0.955888738794788
5.21682284541506,0.94754824049141,3.35305870835861,7.08510064402826,"A300",4.33467839921914,0.830903890675296
4.82461838008562,0.951226020101078,2.9640229258673,6.6895718701784,"A1069",4.93217152418861,1.02229257023663
5.90233228469349,0.951564925022735,4.04162797172151,7.7668814717424,"A1348",3.57727261881203,0.60607780895172
4.79421677167483,0.952059714880912,2.93331603080071,6.66335293134412,"A974",4.71512413595468,0.983502490711841
5.68598915026154,0.941952610810386,3.83804194925936,7.52974802374343,"A1352",4.43054890582032,0.779204600771447
5.13576449341326,0.948967550366782,3.25979518952935,6.99062290394204,"A668",4.85839667400604,0.945992885818081
5.61344271046474,0.947261399863488,3.73528920458643,7.45441921444697,"A1345",3.58861703217554,0.639289864931825
4.79779133130599,0.951894085369242,2.9319942243107,6.65995815539825,"A1005",3.90212230302547,0.813316385305003
4.93675805816527,0.94373095932419,3.10669946076022,6.77896451111503,"A966",4.69078877274555,0.950175948968595
5.16479393997908,0.949282227622246,3.31231666164891,7.01333303290577,"A311",4.76694884155072,0.922969802270568
5.01000524323698,0.949110369087686,3.14863143342589,6.86622090888697,"A1051",5.01025620958614,1.00005009303124
4.81109333130971,0.948796012661683,2.93764741727036,6.65570984592846,"A1288",3.95247373103663,0.821533372739759
5.13422434437626,0.95248261962436,3.26221314532927,6.99861540968124,"A671",4.72927983303363,0.921128395609322
4.94454094845408,0.952664360684228,3.07689675760104,6.80579361750243,"A370",4.00551942008175,0.810089240202184
5.1207260919253,0.946190485959912,3.26531119774989,6.96760614920017,"A670",5.15380976484861,1.00646073863929
5.0659508087549,0.948633199337917,3.21353140862959,6.91230184203227,"A968",3.35516071468754,0.662296346993579
5.89099592236497,0.944139165999073,4.03300891162645,7.7244928418546,"A1355",5.04514943587808,0.856417064680752
6.03492681061718,0.950099697461219,4.16350146502364,7.90523336814227,"A1354",5.10231363401976,0.845464045238016
4.95245486783187,0.952646384092655,3.08207563671044,6.82764974199479,"A1073",3.27923897476266,0.662144141093056
5.83937990625903,0.951151105839968,3.95982566216934,7.70057573051531,"A286",4.39772977581707,0.753115886689149
4.92202023405031,0.947316726293412,3.07038501896742,6.79442046351546,"A1050",4.33145432781235,0.880015546837364
5.1099804949721,0.949655057177752,3.26307623831395,6.97015682334138,"A1039",2.50436880491442,0.490093613347166
5.63512195065737,0.948363213442614,3.773435509669,7.50409729271352,"A1364",3.72429485933489,0.660907588503994
5.31473253152496,0.952437986925153,3.45741073514164,7.18018630866404,"A1002",4.00447557086623,0.753466998971861
4.87093771928955,0.950962543285738,3.01205222822624,6.74543037150138,"A991",4.78549669817,0.982459019999129
4.88299462105633,0.948105102791013,3.03954242364932,6.7293126148998,"A1006",2.72821587098719,0.558717771103545
5.83900545768557,0.949828231788034,3.97717868892978,7.70452796439924,"A1356",4.52514164488088,0.774985000043917
4.91135083345174,0.948385141190145,3.04819052159846,6.77074676690399,"A1056",4.54961166813763,0.926346299097539
5.26444809748974,0.951657544768119,3.39325642039447,7.11900088931907,"A1386",4.64471035964689,0.882278687838454
5.91090026377032,0.945320664910194,4.05451121966315,7.75167250359185,"A900",1.97403472870031,0.33396515600166
5.12875109979187,0.946012975246699,3.27133751760303,6.97924391640445,"A1027",3.45712252518865,0.674067128219372
5.03558356098987,0.954319803334182,3.1757085652049,6.90971459412247,"A970",3.49331504079115,0.693725960155541
5.05792308067944,0.945941590412544,3.22595774245639,6.92469998027703,"A1065",2.90261136240127,0.573874160619176
4.75942480348408,0.951562475839574,2.88182825499786,6.6075680021574,"A977",2.85316974672559,0.599477849642033
4.91175998055477,0.94219932302425,3.08015371291233,6.75050097729731,"A1053",1.66890107564207,0.339776593776794
