"iso3c","nutrient","total_supply_all","total_supply_OA_all","relative_supply_all","supply_diff_all"
"ABW","Calcium",886588.249977786,817341.405556928,1.08472205610784,69246.8444208585
"ABW","DHA+EPA",2306.48684495574,2126.33903032431,1.08472205610784,180.147814631436
"ABW","Iron",5901.21243970162,5440.29911300606,1.08472205610784,460.913326695558
"ABW","Vitamin A",166849.346647192,153817.603051121,1.08472205610784,13031.7435960712
"ABW","Vitamin B12",3698.54015872968,3409.66622546666,1.08472205610784,288.87393326301
"ABW","Zinc",1123.48631606927,1035.73658315801,1.08472205610784,87.7497329112607
"AGO","Calcium",NA,NA,NA,NA
"AGO","DHA+EPA",NA,NA,NA,NA
"AGO","Iron",NA,NA,NA,NA
"AGO","Vitamin A",NA,NA,NA,NA
"AGO","Vitamin B12",NA,NA,NA,NA
"AGO","Zinc",NA,NA,NA,NA
"AIA","Calcium",273979.966363276,252893.714183729,1.08337989834033,21086.2521795469
"AIA","DHA+EPA",273.024510346574,252.011792691402,1.08337989834033,21.0127176551726
"AIA","Iron",2023.742146034,1867.98938131883,1.08337989834033,155.752764715173
"AIA","Vitamin A",51415.4087273264,47458.3373810901,1.08337989834033,3957.07134623623
"AIA","Vitamin B12",1273.79942612517,1175.7643169091,1.08337989834033,98.0351092160647
"AIA","Zinc",212.116800092605,195.791707431119,1.08337989834033,16.3250926614857
"ALB","Calcium",NA,NA,NA,NA
"ALB","DHA+EPA",NA,NA,NA,NA
"ALB","Iron",NA,NA,NA,NA
"ALB","Vitamin A",NA,NA,NA,NA
"ALB","Vitamin B12",NA,NA,NA,NA
"ALB","Zinc",NA,NA,NA,NA
"ARE","Calcium",553625.649773434,499901.775627502,1.10746886041462,53723.8741459322
"ARE","DHA+EPA",418.554240442796,377.937705883754,1.10746886041462,40.6165345590425
"ARE","Iron",6246.34424636729,5640.19853707558,1.10746886041462,606.145709291714
"ARE","Vitamin A",54193.2704760881,48934.3514866856,1.10746886041462,5258.91898940252
"ARE","Vitamin B12",5036.99160204251,4548.20156311821,1.10746886041462,488.790038924303
"ARE","Zinc",805.19403807861,727.05794885931,1.10746886041462,78.1360892193003
"ARG","Calcium",NA,NA,NA,NA
"ARG","DHA+EPA",NA,NA,NA,NA
"ARG","Iron",NA,NA,NA,NA
"ARG","Vitamin A",NA,NA,NA,NA
"ARG","Vitamin B12",NA,NA,NA,NA
"ARG","Zinc",NA,NA,NA,NA
"ASM","Calcium",439044.548835961,439632.310129666,0.998663061653653,-587.76129370532
"ASM","DHA+EPA",1055.01278704924,1056.42516235885,0.998663061653653,-1.41237530960302
"ASM","Iron",3393.84247020539,3398.3859026343,0.998663061653653,-4.54343242891582
"ASM","Vitamin A",148871.484000726,149070.782446098,0.998663061653653,-199.298445372086
"ASM","Vitamin B12",4706.80618081973,4713.10731471923,0.998663061653653,-6.30113389949565
"ASM","Zinc",646.578321628246,647.443914224282,0.998663061653653,-0.865592596035299
"ATG","Calcium",397879.664897213,363636.830828775,1.09416767270354,34242.8340684376
"ATG","DHA+EPA",222.406989049869,203.265911247707,1.09416767270354,19.1410778021614
"ATG","Iron",2248.66629186222,2055.13866655013,1.09416767270354,193.527625312088
"ATG","Vitamin A",62325.2933499375,56961.373384337,1.09416767270354,5363.91996560052
"ATG","Vitamin B12",1321.25221908456,1207.54090259304,1.09416767270354,113.711316491522
"ATG","Zinc",173.469759329491,158.540380653789,1.09416767270354,14.9293786757011
"AUS","Calcium",90075799.617537,86971863.9574255,1.03568896329083,3103935.66011152
"AUS","DHA+EPA",112738.526264786,108853.652265027,1.03568896329083,3884.87399975921
"AUS","Iron",677643.052240954,654292.04738051,1.03568896329083,23351.0048604443
"AUS","Vitamin A",18184910.0647791,17558273.4868564,1.03568896329083,626636.577922754
"AUS","Vitamin B12",614651.937989589,593471.553502488,1.03568896329083,21180.3844871015
"AUS","Zinc",119297.706206232,115186.808428634,1.03568896329083,4110.89777759727
"BEN","Calcium",NA,NA,NA,NA
"BEN","DHA+EPA",NA,NA,NA,NA
"BEN","Iron",NA,NA,NA,NA
"BEN","Vitamin A",NA,NA,NA,NA
"BEN","Vitamin B12",NA,NA,NA,NA
"BEN","Zinc",NA,NA,NA,NA
"BES","Calcium",671073.310530758,645522.83092363,1.03958106264122,25550.4796071287
"BES","DHA+EPA",284.979085222433,274.128776930966,1.03958106264122,10.8503082914668
"BES","Iron",4723.3814588892,4543.54319122425,1.03958106264122,179.838267664958
"BES","Vitamin A",87378.5218508442,84051.6675331165,1.03958106264122,3326.85431772766
"BES","Vitamin B12",2392.91101726185,2301.80320059147,1.03958106264122,91.1078166703824
"BES","Zinc",343.813455002294,330.72308390149,1.03958106264122,13.0903711008039
"BGD","Calcium",24426.1700133897,22654.3996793941,1.07820866405951,1771.77033399563
"BGD","DHA+EPA",144.659438833497,134.166459290771,1.07820866405951,10.492979542726
"BGD","Iron",167.973126114238,155.789070996528,1.07820866405951,12.1840551177108
"BGD","Vitamin A",2593.1327690416,2405.0379629471,1.07820866405951,188.094806094501
"BGD","Vitamin B12",344.136177454057,319.174004926251,1.07820866405951,24.962172527806
"BGD","Zinc",98.4916163479785,91.3474540050091,1.07820866405951,7.14416234296939
"BGR","Calcium",NA,NA,NA,NA
"BGR","DHA+EPA",NA,NA,NA,NA
"BGR","Iron",NA,NA,NA,NA
"BGR","Vitamin A",NA,NA,NA,NA
"BGR","Vitamin B12",NA,NA,NA,NA
"BGR","Zinc",NA,NA,NA,NA
"BHR","Calcium",614405.090928443,584185.376078171,1.05172966679369,30219.7148502724
"BHR","DHA+EPA",1812.82808218947,1723.66354152209,1.05172966679369,89.1645406673761
"BHR","Iron",3080.66797859458,2929.14431898295,1.05172966679369,151.523659611629
"BHR","Vitamin A",320206.626501198,304457.159107607,1.05172966679369,15749.4673935911
"BHR","Vitamin B12",8115.25916085654,7716.10749138297,1.05172966679369,399.151669473566
"BHR","Zinc",1630.67545075108,1550.47014668927,1.05172966679369,80.2053040618055
"BHS","Calcium",872528.560829159,823337.31506351,1.05974616340795,49191.2457656485
"BHS","DHA+EPA",1713.15394738318,1616.57008681587,1.05974616340795,96.5838605673073
"BHS","Iron",6524.72754654515,6156.87772396628,1.05974616340795,367.849822578867
"BHS","Vitamin A",125539.225431398,118461.599358554,1.05974616340795,7077.62607284347
"BHS","Vitamin B12",5659.21801655002,5340.16372217947,1.05974616340795,319.05429437055
"BHS","Zinc",1086.68867879226,1025.42355548395,1.05974616340795,61.265123308307
"BIH","Calcium",NA,NA,NA,NA
"BIH","DHA+EPA",NA,NA,NA,NA
"BIH","Iron",NA,NA,NA,NA
"BIH","Vitamin A",NA,NA,NA,NA
"BIH","Vitamin B12",NA,NA,NA,NA
"BIH","Zinc",NA,NA,NA,NA
"BLM","Calcium",1316.25092260846,1203.87717407122,1.09334320058351,112.373748537241
"BLM","DHA+EPA",1.48627172603865,1.35938260305221,1.09334320058351,0.126889122986439
"BLM","Iron",13.8118952256373,12.6327169897485,1.09334320058351,1.17917823588883
"BLM","Vitamin A",169.733458002408,155.24261541282,1.09334320058351,14.4908425895879
"BLM","Vitamin B12",6.5143477743033,5.95819114329939,1.09334320058351,0.556156631003901
"BLM","Zinc",1.75210379503031,1.60251949625262,1.09334320058351,0.149584298777697
"BLZ","Calcium",134270.935045785,127673.271494352,1.0516761533108,6597.66355143391
"BLZ","DHA+EPA",67.4499818733398,64.1356958232809,1.0516761533108,3.31428605005891
"BLZ","Iron",684.147503589634,650.530585328815,1.0516761533108,33.6169182608186
"BLZ","Vitamin A",18281.8463721232,17383.5322923029,1.0516761533108,898.314079820346
"BLZ","Vitamin B12",429.009689174984,407.92946367036,1.0516761533108,21.0802255046233
"BLZ","Zinc",29.6027634172807,28.1481740591794,1.0516761533108,1.45458935810133
"BMU","Calcium",7218808.18451278,6706988.9967449,1.07631132062633,511819.187767885
"BMU","DHA+EPA",4660.88455718628,4330.42416990838,1.07631132062633,330.460387277899
"BMU","Iron",52553.2573502394,48827.1899989469,1.07631132062633,3726.0673512925
"BMU","Vitamin A",950611.855914148,883212.726370808,1.07631132062633,67399.1295433402
"BMU","Vitamin B12",37195.6526907829,34558.4516096493,1.07631132062633,2637.20108113355
"BMU","Zinc",6258.6908178239,5814.9447078024,1.07631132062633,443.746110021504
"BRA","Calcium",1185202.11230256,1061976.4285226,1.11603429273039,123225.683779967
"BRA","DHA+EPA",2092.51780162423,1874.95833708197,1.11603429273039,217.559464542259
"BRA","Iron",7353.15178699977,6588.64322977943,1.11603429273039,764.508557220343
"BRA","Vitamin A",207012.811857911,185489.651354217,1.11603429273039,21523.1605036936
"BRA","Vitamin B12",9592.86696376133,8595.49480356223,1.11603429273039,997.372160199104
"BRA","Zinc",1366.54553785833,1224.46554443686,1.11603429273039,142.079993421466
"BRB","Calcium",41561.775398684,36524.5975103722,1.13791193419397,5037.17788831183
"BRB","DHA+EPA",513.915616584116,451.63039523629,1.13791193419397,62.2852213478258
"BRB","Iron",706.421340493336,620.804931616892,1.13791193419397,85.6164088764435
"BRB","Vitamin A",66668.1710404797,58588.1640196552,1.13791193419397,8080.00702082446
"BRB","Vitamin B12",2199.97033443745,1933.33971490138,1.13791193419397,266.630619536076
"BRB","Zinc",544.022447448679,478.088357368385,1.13791193419397,65.9340900802939
"BRN","Calcium",440811.80119679,400005.740177048,1.10201368860777,40806.0610197419
"BRN","DHA+EPA",1281.5425929175,1162.90986778625,1.10201368860777,118.63272513125
"BRN","Iron",4487.1761931811,4071.79714695738,1.10201368860777,415.379046223716
"BRN","Vitamin A",298101.506146348,270506.173587512,1.10201368860777,27595.3325588358
"BRN","Vitamin B12",6408.09009293726,5814.89155641336,1.10201368860777,593.198536523903
"BRN","Zinc",1281.86264088455,1163.20028883125,1.10201368860777,118.662352053299
"CAN","Calcium",NA,NA,NA,NA
"CAN","DHA+EPA",NA,NA,NA,NA
"CAN","Iron",NA,NA,NA,NA
"CAN","Vitamin A",NA,NA,NA,NA
"CAN","Vitamin B12",NA,NA,NA,NA
"CAN","Zinc",NA,NA,NA,NA
"CHL","Calcium",NA,NA,NA,NA
"CHL","DHA+EPA",NA,NA,NA,NA
"CHL","Iron",NA,NA,NA,NA
"CHL","Vitamin A",NA,NA,NA,NA
"CHL","Vitamin B12",NA,NA,NA,NA
"CHL","Zinc",NA,NA,NA,NA
"CHN","Calcium",9261025.50171237,9012212.2860028,1.02760845037972,248813.215709571
"CHN","DHA+EPA",18303.8530183232,17812.0888472255,1.02760845037972,491.764171097715
"CHN","Iron",174784.11045258,170088.237779667,1.02760845037972,4695.87267291322
"CHN","Vitamin A",1199025.90705805,1166812.03489033,1.02760845037972,32213.8721677247
"CHN","Vitamin B12",133844.704617629,130248.738776109,1.02760845037972,3595.96584152074
"CHN","Zinc",45952.5697934174,44717.9757780673,1.02760845037972,1234.59401535009
"CIV","Calcium",NA,NA,NA,NA
"CIV","DHA+EPA",NA,NA,NA,NA
"CIV","Iron",NA,NA,NA,NA
"CIV","Vitamin A",NA,NA,NA,NA
"CIV","Vitamin B12",NA,NA,NA,NA
"CIV","Zinc",NA,NA,NA,NA
"CMR","Calcium",NA,NA,NA,NA
"CMR","DHA+EPA",NA,NA,NA,NA
"CMR","Iron",NA,NA,NA,NA
"CMR","Vitamin A",NA,NA,NA,NA
"CMR","Vitamin B12",NA,NA,NA,NA
"CMR","Zinc",NA,NA,NA,NA
"COG","Calcium",NA,NA,NA,NA
"COG","DHA+EPA",NA,NA,NA,NA
"COG","Iron",NA,NA,NA,NA
"COG","Vitamin A",NA,NA,NA,NA
"COG","Vitamin B12",NA,NA,NA,NA
"COG","Zinc",NA,NA,NA,NA
"COK","Calcium",17395.9729043477,16583.8137904873,1.04897300006626,812.159113860453
"COK","DHA+EPA",102.219005558377,97.4467460572578,1.04897300006626,4.77225950111938
"COK","Iron",228.952077687009,218.263079862442,1.04897300006626,10.6889978245665
"COK","Vitamin A",20655.8746355079,19691.5217400286,1.04897300006626,964.352895479275
"COK","Vitamin B12",414.43393338529,395.085415314894,1.04897300006626,19.3485180703965
"COK","Zinc",90.1223454589189,85.9148380875635,1.04897300006626,4.20750737135538
"COL","Calcium",1252190.12892904,1112447.6165982,1.12561716187425,139742.512330842
"COL","DHA+EPA",1856.17063944228,1649.02482150467,1.12561716187425,207.145817937611
"COL","Iron",7901.37841124082,7019.59660785939,1.12561716187425,881.781803381426
"COL","Vitamin A",470127.673945695,417662.141151874,1.12561716187425,52465.5327938217
"COL","Vitamin B12",7417.36046774524,6589.59433009592,1.12561716187425,827.766137649315
"COL","Zinc",1428.53865455523,1269.11591519854,1.12561716187425,159.422739356685
"COM","Calcium",226412.325729559,199205.151495316,1.13657866792106,27207.1742342439
"COM","DHA+EPA",3395.7809311146,2987.7218594344,1.13657866792106,408.059071680193
"COM","Iron",1721.50339265279,1514.63637427018,1.13657866792106,206.86701838261
"COM","Vitamin A",66880.2053581592,58843.4459011016,1.13657866792106,8036.75945705761
"COM","Vitamin B12",9803.7248818185,8625.64568429801,1.13657866792106,1178.07919752049
"COM","Zinc",1868.41537559315,1643.8944600383,1.13657866792106,224.520915554848
"CPV","Calcium",NA,NA,NA,NA
"CPV","DHA+EPA",NA,NA,NA,NA
"CPV","Iron",NA,NA,NA,NA
"CPV","Vitamin A",NA,NA,NA,NA
"CPV","Vitamin B12",NA,NA,NA,NA
"CPV","Zinc",NA,NA,NA,NA
"CRI","Calcium",1449156.73272565,1242636.65518687,1.16619506327674,206520.077538779
"CRI","DHA+EPA",563.977569475594,483.604833560988,1.16619506327674,80.3727359146059
"CRI","Iron",7853.66247353323,6734.43296138319,1.16619506327674,1119.22951215004
"CRI","Vitamin A",188227.363119988,161402.983983753,1.16619506327674,26824.3791362346
"CRI","Vitamin B12",3726.74524745419,3195.64484948418,1.16619506327674,531.100397970012
"CRI","Zinc",328.522509603271,281.704596382185,1.16619506327674,46.8179132210857
"CUB","Calcium",42528326.6636299,41565359.9799966,1.02316752902168,962966.683633253
"CUB","DHA+EPA",21178.0256789186,20698.4927474861,1.02316752902168,479.532931432474
"CUB","Iron",236066.216251364,230720.98122297,1.02316752902168,5345.23502839427
"CUB","Vitamin A",5626567.11599253,5499165.05009933,1.02316752902168,127402.065893199
"CUB","Vitamin B12",123759.822723933,120957.535509623,1.02316752902168,2802.28721431042
"CUB","Zinc",13301.5869388155,13000.3997991747,1.02316752902168,301.187139640859
"CUW","Calcium",893763.877507247,822307.431620441,1.08689748278937,71456.4458868062
"CUW","DHA+EPA",379.547224150835,349.202413439013,1.08689748278937,30.3448107118223
"CUW","Iron",6290.79962103722,5787.85002325406,1.08689748278937,502.949597783162
"CUW","Vitamin A",116374.418822412,107070.280928201,1.08689748278937,9304.13789421109
"CUW","Vitamin B12",3186.98031305218,2932.18115187207,1.08689748278937,254.799161180112
"CUW","Zinc",457.905331426544,421.295787944411,1.08689748278937,36.6095434821327
"CYM","Calcium",660334.846069083,614527.487946027,1.07454077973983,45807.3581230554
"CYM","DHA+EPA",252.762645062987,235.228527226474,1.07454077973983,17.534117836513
"CYM","Iron",3513.85941399822,3270.10335973383,1.07454077973983,243.756054264395
"CYM","Vitamin A",85770.8896426485,79820.9721397596,1.07454077973983,5949.91750288886
"CYM","Vitamin B12",1684.98299161211,1568.09590048325,1.07454077973983,116.887091128852
"CYM","Zinc",148.529815566132,138.226318038943,1.07454077973983,10.3034975271884
"CYP","Calcium",NA,NA,NA,NA
"CYP","DHA+EPA",NA,NA,NA,NA
"CYP","Iron",NA,NA,NA,NA
"CYP","Vitamin A",NA,NA,NA,NA
"CYP","Vitamin B12",NA,NA,NA,NA
"CYP","Zinc",NA,NA,NA,NA
"DEU","Calcium",NA,NA,NA,NA
"DEU","DHA+EPA",NA,NA,NA,NA
"DEU","Iron",NA,NA,NA,NA
"DEU","Vitamin A",NA,NA,NA,NA
"DEU","Vitamin B12",NA,NA,NA,NA
"DEU","Zinc",NA,NA,NA,NA
"DJI","Calcium",1518894.49899738,1271188.73629988,1.19486151475706,247705.762697502
"DJI","DHA+EPA",1943.07660743737,1626.19398435679,1.19486151475706,316.882623080578
"DJI","Iron",15345.6297046521,12843.0194755852,1.19486151475706,2502.61022906691
"DJI","Vitamin A",165155.277198002,138221.270965934,1.19486151475706,26934.0062320675
"DJI","Vitamin B12",13282.3005320833,11116.184066556,1.19486151475706,2166.11646552735
"DJI","Zinc",2192.56069669312,1834.9914777688,1.19486151475706,357.569218924318
"DMA","Calcium",81309.4752033689,76963.6603458984,1.05646580266504,4345.8148574705
"DMA","DHA+EPA",447.339770693821,423.43043150603,1.05646580266504,23.9093391877913
"DMA","Iron",743.173751981404,703.452729001428,1.05646580266504,39.7210229799767
"DMA","Vitamin A",15750.6807984976,14908.8411179661,1.05646580266504,841.839680531475
"DMA","Vitamin B12",1173.58334855833,1110.85786742727,1.05646580266504,62.7254811310531
"DMA","Zinc",267.930689590198,253.610376137416,1.05646580266504,14.3203134527813
"DNK","Calcium",NA,NA,NA,NA
"DNK","DHA+EPA",NA,NA,NA,NA
"DNK","Iron",NA,NA,NA,NA
"DNK","Vitamin A",NA,NA,NA,NA
"DNK","Vitamin B12",NA,NA,NA,NA
"DNK","Zinc",NA,NA,NA,NA
"DOM","Calcium",55032.8771088856,49964.017749305,1.10145019531883,5068.85935958057
"DOM","DHA+EPA",47.6030668025367,43.2185377104203,1.10145019531883,4.38452909211644
"DOM","Iron",309.162551325073,280.686818740434,1.10145019531883,28.4757325846386
"DOM","Vitamin A",10155.7502299396,9220.34448139515,1.10145019531883,935.405748544454
"DOM","Vitamin B12",221.907727073473,201.468689203181,1.10145019531883,20.4390378702918
"DOM","Zinc",35.23586928447,31.9904335522592,1.10145019531883,3.24543573221081
"DZA","Calcium",NA,NA,NA,NA
"DZA","DHA+EPA",NA,NA,NA,NA
"DZA","Iron",NA,NA,NA,NA
"DZA","Vitamin A",NA,NA,NA,NA
"DZA","Vitamin B12",NA,NA,NA,NA
"DZA","Zinc",NA,NA,NA,NA
"ECU","Calcium",0,0,NA,0
"ECU","DHA+EPA",0,0,NA,0
"ECU","Iron",0,0,NA,0
"ECU","Vitamin A",0,0,NA,0
"ECU","Vitamin B12",0,0,NA,0
"ECU","Zinc",0,0,NA,0
"EGY","Calcium",6401231.62567211,5978634.39623642,1.07068457467507,422597.229435692
"EGY","DHA+EPA",4827.85818528082,4509.13210059648,1.07068457467507,318.726084684347
"EGY","Iron",56055.0417307966,52354.3936810786,1.07068457467507,3700.648049718
"EGY","Vitamin A",864314.12115603,807253.734292692,1.07068457467507,57060.3868633376
"EGY","Vitamin B12",46783.9403748081,43695.3529371675,1.07068457467507,3088.58743764057
"EGY","Zinc",7227.87239493708,6750.70190222047,1.07068457467507,477.170492716611
"ERI","Calcium",35742201.2417278,33089478.0689434,1.0801681781519,2652723.17278434
"ERI","DHA+EPA",54179.1568519383,50158.0753328945,1.0801681781519,4021.08151904375
"ERI","Iron",274724.032777942,254334.499325817,1.0801681781519,20389.5334521255
"ERI","Vitamin A",4490550.02148031,4157269.31445376,1.0801681781519,333280.707026544
"ERI","Vitamin B12",314752.785156812,291392.388262479,1.0801681781519,23360.3968943332
"ERI","Zinc",39165.6119746541,36258.8092917754,1.0801681781519,2906.8026828787
"ESP","Calcium",NA,NA,NA,NA
"ESP","DHA+EPA",NA,NA,NA,NA
"ESP","Iron",NA,NA,NA,NA
"ESP","Vitamin A",NA,NA,NA,NA
"ESP","Vitamin B12",NA,NA,NA,NA
"ESP","Zinc",NA,NA,NA,NA
"EST","Calcium",NA,NA,NA,NA
"EST","DHA+EPA",NA,NA,NA,NA
"EST","Iron",NA,NA,NA,NA
"EST","Vitamin A",NA,NA,NA,NA
"EST","Vitamin B12",NA,NA,NA,NA
"EST","Zinc",NA,NA,NA,NA
"FJI","Calcium",21496099.2815966,18611204.7502368,1.15500847849858,2884894.53135978
"FJI","DHA+EPA",48804.6065494595,42254.7604264357,1.15500847849858,6549.84612302388
"FJI","Iron",300160.259854354,259877.105183279,1.15500847849858,40283.1546710759
"FJI","Vitamin A",7467722.73120876,6465513.34490306,1.15500847849858,1002209.3863057
"FJI","Vitamin B12",338214.623141576,292824.364009196,1.15500847849858,45390.2591323803
"FJI","Zinc",70003.8386746493,60608.9392223758,1.15500847849858,9394.89945227349
"FRA","Calcium",NA,NA,NA,NA
"FRA","DHA+EPA",NA,NA,NA,NA
"FRA","Iron",NA,NA,NA,NA
"FRA","Vitamin A",NA,NA,NA,NA
"FRA","Vitamin B12",NA,NA,NA,NA
"FRA","Zinc",NA,NA,NA,NA
"FRO","Calcium",NA,NA,NA,NA
"FRO","DHA+EPA",NA,NA,NA,NA
"FRO","Iron",NA,NA,NA,NA
"FRO","Vitamin A",NA,NA,NA,NA
"FRO","Vitamin B12",NA,NA,NA,NA
"FRO","Zinc",NA,NA,NA,NA
"FSM","Calcium",1143468.2363066,1018114.50939725,1.12312340679985,125353.726909348
"FSM","DHA+EPA",3188.64247971086,2839.08469933536,1.12312340679985,349.557780375499
"FSM","Iron",11816.6096161544,10521.2032307507,1.12312340679985,1295.40638540363
"FSM","Vitamin A",605509.758072865,539130.209918928,1.12312340679985,66379.5481539371
"FSM","Vitamin B12",15261.3948486441,13588.3508047694,1.12312340679985,1673.0440438747
"FSM","Zinc",3017.65559805449,2686.84240732974,1.12312340679985,330.813190724749
"GAB","Calcium",NA,NA,NA,NA
"GAB","DHA+EPA",NA,NA,NA,NA
"GAB","Iron",NA,NA,NA,NA
"GAB","Vitamin A",NA,NA,NA,NA
"GAB","Vitamin B12",NA,NA,NA,NA
"GAB","Zinc",NA,NA,NA,NA
"GBR","Calcium",NA,NA,NA,NA
"GBR","DHA+EPA",NA,NA,NA,NA
"GBR","Iron",NA,NA,NA,NA
"GBR","Vitamin A",NA,NA,NA,NA
"GBR","Vitamin B12",NA,NA,NA,NA
"GBR","Zinc",NA,NA,NA,NA
"GEO","Calcium",NA,NA,NA,NA
"GEO","DHA+EPA",NA,NA,NA,NA
"GEO","Iron",NA,NA,NA,NA
"GEO","Vitamin A",NA,NA,NA,NA
"GEO","Vitamin B12",NA,NA,NA,NA
"GEO","Zinc",NA,NA,NA,NA
"GHA","Calcium",NA,NA,NA,NA
"GHA","DHA+EPA",NA,NA,NA,NA
"GHA","Iron",NA,NA,NA,NA
"GHA","Vitamin A",NA,NA,NA,NA
"GHA","Vitamin B12",NA,NA,NA,NA
"GHA","Zinc",NA,NA,NA,NA
"GIN","Calcium",NA,NA,NA,NA
"GIN","DHA+EPA",NA,NA,NA,NA
"GIN","Iron",NA,NA,NA,NA
"GIN","Vitamin A",NA,NA,NA,NA
"GIN","Vitamin B12",NA,NA,NA,NA
"GIN","Zinc",NA,NA,NA,NA
"GLP","Calcium",56879.4159609117,54146.4035904584,1.05047449487365,2733.01237045336
"GLP","DHA+EPA",40.0069136743715,38.0846121153882,1.05047449487365,1.92230155898324
"GLP","Iron",329.503163073667,313.67078846907,1.05047449487365,15.8323746045969
"GLP","Vitamin A",10193.8248297386,9704.01935457241,1.05047449487365,489.805475166197
"GLP","Vitamin B12",213.595965912056,203.332843352609,1.05047449487365,10.2631225594466
"GLP","Zinc",28.1874362295801,26.8330515087568,1.05047449487365,1.35438472082322
"GMB","Calcium",NA,NA,NA,NA
"GMB","DHA+EPA",NA,NA,NA,NA
"GMB","Iron",NA,NA,NA,NA
"GMB","Vitamin A",NA,NA,NA,NA
"GMB","Vitamin B12",NA,NA,NA,NA
"GMB","Zinc",NA,NA,NA,NA
"GNB","Calcium",NA,NA,NA,NA
"GNB","DHA+EPA",NA,NA,NA,NA
"GNB","Iron",NA,NA,NA,NA
"GNB","Vitamin A",NA,NA,NA,NA
"GNB","Vitamin B12",NA,NA,NA,NA
"GNB","Zinc",NA,NA,NA,NA
"GNQ","Calcium",NA,NA,NA,NA
"GNQ","DHA+EPA",NA,NA,NA,NA
"GNQ","Iron",NA,NA,NA,NA
"GNQ","Vitamin A",NA,NA,NA,NA
"GNQ","Vitamin B12",NA,NA,NA,NA
"GNQ","Zinc",NA,NA,NA,NA
"GRC","Calcium",NA,NA,NA,NA
"GRC","DHA+EPA",NA,NA,NA,NA
"GRC","Iron",NA,NA,NA,NA
"GRC","Vitamin A",NA,NA,NA,NA
"GRC","Vitamin B12",NA,NA,NA,NA
"GRC","Zinc",NA,NA,NA,NA
"GRD","Calcium",293873.470069938,253906.769022514,1.15740699313093,39966.701047424
"GRD","DHA+EPA",446.18033764174,385.49994970634,1.15740699313093,60.6803879354005
"GRD","Iron",3141.83054073799,2714.54255882708,1.15740699313093,427.287981910916
"GRD","Vitamin A",62982.5124925847,54416.9102713031,1.15740699313093,8565.60222128156
"GRD","Vitamin B12",2182.10247981263,1885.33721738605,1.15740699313093,296.765262426577
"GRD","Zinc",468.064141866647,404.407563324353,1.15740699313093,63.6565785422934
"GRL","Calcium",NA,NA,NA,NA
"GRL","DHA+EPA",NA,NA,NA,NA
"GRL","Iron",NA,NA,NA,NA
"GRL","Vitamin A",NA,NA,NA,NA
"GRL","Vitamin B12",NA,NA,NA,NA
"GRL","Zinc",NA,NA,NA,NA
"GTM","Calcium",NA,NA,NA,NA
"GTM","DHA+EPA",NA,NA,NA,NA
"GTM","Iron",NA,NA,NA,NA
"GTM","Vitamin A",NA,NA,NA,NA
"GTM","Vitamin B12",NA,NA,NA,NA
"GTM","Zinc",NA,NA,NA,NA
"GUF","Calcium",NA,NA,NA,NA
"GUF","DHA+EPA",NA,NA,NA,NA
"GUF","Iron",NA,NA,NA,NA
"GUF","Vitamin A",NA,NA,NA,NA
"GUF","Vitamin B12",NA,NA,NA,NA
"GUF","Zinc",NA,NA,NA,NA
"GUM","Calcium",1202706.31532514,1130119.66583306,1.06422917119894,72586.6494920787
"GUM","DHA+EPA",3304.97332285467,3105.50905039688,1.06422917119894,199.464272457794
"GUM","Iron",10551.48843499,9914.67695167847,1.06422917119894,636.811483311527
"GUM","Vitamin A",730372.08777716,686292.114088865,1.06422917119894,44079.9736882952
"GUM","Vitamin B12",15121.8723976751,14209.2256131629,1.06422917119894,912.646784512184
"GUM","Zinc",3032.59927545032,2849.57352938734,1.06422917119894,183.025746062983
"GUY","Calcium",NA,NA,NA,NA
"GUY","DHA+EPA",NA,NA,NA,NA
"GUY","Iron",NA,NA,NA,NA
"GUY","Vitamin A",NA,NA,NA,NA
"GUY","Vitamin B12",NA,NA,NA,NA
"GUY","Zinc",NA,NA,NA,NA
"HKG","Calcium",NA,NA,NA,NA
"HKG","DHA+EPA",NA,NA,NA,NA
"HKG","Iron",NA,NA,NA,NA
"HKG","Vitamin A",NA,NA,NA,NA
"HKG","Vitamin B12",NA,NA,NA,NA
"HKG","Zinc",NA,NA,NA,NA
"HND","Calcium",49171.2320691525,43413.1499341519,1.13263451612551,5758.08213500056
"HND","DHA+EPA",76.1769277562477,67.256406785864,1.13263451612551,8.92052097038371
"HND","Iron",314.384064750754,277.568854096192,1.13263451612551,36.8152106545615
"HND","Vitamin A",8057.03875843129,7113.5380775721,1.13263451612551,943.500680859185
"HND","Vitamin B12",356.47695677555,314.732556442812,1.13263451612551,41.7444003327379
"HND","Zinc",36.5570448138805,32.2761175766866,1.13263451612551,4.28092723719397
"HRV","Calcium",NA,NA,NA,NA
"HRV","DHA+EPA",NA,NA,NA,NA
"HRV","Iron",NA,NA,NA,NA
"HRV","Vitamin A",NA,NA,NA,NA
"HRV","Vitamin B12",NA,NA,NA,NA
"HRV","Zinc",NA,NA,NA,NA
"HTI","Calcium",537021.730339286,479887.868310848,1.11905669178415,57133.8620284385
"HTI","DHA+EPA",2892.80079769027,2585.03507367279,1.11905669178415,307.765724017485
"HTI","Iron",2279.26066658994,2036.76961437587,1.11905669178415,242.491052214075
"HTI","Vitamin A",388937.442316066,347558.300818495,1.11905669178415,41379.1414975713
"HTI","Vitamin B12",10769.0981218784,9623.37136352658,1.11905669178415,1145.72675835182
"HTI","Zinc",1653.02456624899,1477.15891284606,1.11905669178415,175.865653402928
"IDN","Calcium",216029592.034624,184437441.223302,1.17128924909055,31592150.8113227
"IDN","DHA+EPA",283371.797865222,241931.528087742,1.17128924909055,41440.2697774798
"IDN","Iron",1463197.92295853,1249219.97200489,1.17128924909055,213977.950953641
"IDN","Vitamin A",33617756.1889758,28701498.1270239,1.17128924909055,4916258.06195189
"IDN","Vitamin B12",1637950.42253326,1398416.67957342,1.17128924909055,239533.742959839
"IDN","Zinc",195312.66769898,166750.158298328,1.17128924909055,28562.5094006518
"IND","Calcium",15363669.1983601,13604304.9640268,1.12932408079542,1759364.2343333
"IND","DHA+EPA",49273.5952728337,43631.0498560598,1.12932408079542,5642.54541677394
"IND","Iron",122921.868598429,108845.521572382,1.12932408079542,14076.3470260461
"IND","Vitamin A",7076878.89550523,6266473.03094854,1.12932408079542,810405.864556691
"IND","Vitamin B12",210395.115904088,186301.806082007,1.12932408079542,24093.3098220815
"IND","Zinc",43114.8098716107,38177.535221992,1.12932408079542,4937.27464961876
"IOT","Calcium",0,0,NA,0
"IOT","DHA+EPA",0,0,NA,0
"IOT","Iron",0,0,NA,0
"IOT","Vitamin A",0,0,NA,0
"IOT","Vitamin B12",0,0,NA,0
"IOT","Zinc",0,0,NA,0
"IRL","Calcium",NA,NA,NA,NA
"IRL","DHA+EPA",NA,NA,NA,NA
"IRL","Iron",NA,NA,NA,NA
"IRL","Vitamin A",NA,NA,NA,NA
"IRL","Vitamin B12",NA,NA,NA,NA
"IRL","Zinc",NA,NA,NA,NA
"IRN","Calcium",705413.200289385,662289.256270495,1.06511345852374,43123.9440188899
"IRN","DHA+EPA",4970.05338071479,4666.21967917233,1.06511345852374,303.833701542463
"IRN","Iron",6258.50470491903,5875.90425680413,1.06511345852374,382.600448114904
"IRN","Vitamin A",138035.1062497,129596.621979613,1.06511345852374,8438.4842700868
"IRN","Vitamin B12",19687.356892869,18483.8119688731,1.06511345852374,1203.54492399589
"IRN","Zinc",2064.53277732808,1938.32193256626,1.06511345852374,126.210844761816
"IRQ","Calcium",NA,NA,NA,NA
"IRQ","DHA+EPA",NA,NA,NA,NA
"IRQ","Iron",NA,NA,NA,NA
"IRQ","Vitamin A",NA,NA,NA,NA
"IRQ","Vitamin B12",NA,NA,NA,NA
"IRQ","Zinc",NA,NA,NA,NA
"ISL","Calcium",NA,NA,NA,NA
"ISL","DHA+EPA",NA,NA,NA,NA
"ISL","Iron",NA,NA,NA,NA
"ISL","Vitamin A",NA,NA,NA,NA
"ISL","Vitamin B12",NA,NA,NA,NA
"ISL","Zinc",NA,NA,NA,NA
"ISR","Calcium",4096.04277078943,3927.52230277029,1.0429075776095,168.520468019143
"ISR","DHA+EPA",18.7350980219278,17.9642936959683,1.0429075776095,0.770804325959535
"ISR","Iron",78.002040560054,74.7928601102378,1.0429075776095,3.20918044981622
"ISR","Vitamin A",1883.2361993988,1805.75560081313,1.0429075776095,77.4805985856713
"ISR","Vitamin B12",103.806153883666,99.5353338227778,1.0429075776095,4.27082006088791
"ISR","Zinc",25.0693783921184,24.0379674386692,1.0429075776095,1.03141095344923
"ITA","Calcium",NA,NA,NA,NA
"ITA","DHA+EPA",NA,NA,NA,NA
"ITA","Iron",NA,NA,NA,NA
"ITA","Vitamin A",NA,NA,NA,NA
"ITA","Vitamin B12",NA,NA,NA,NA
"ITA","Zinc",NA,NA,NA,NA
"JAM","Calcium",2888096.49125707,2545971.18620571,1.13437909545286,342125.305051364
"JAM","DHA+EPA",10850.573699387,9565.2094990831,1.13437909545286,1285.36420030388
"JAM","Iron",26765.834767463,23595.141055361,1.13437909545286,3170.69371210202
"JAM","Vitamin A",1160867.02090773,1023350.15301415,1.13437909545286,137516.867893586
"JAM","Vitamin B12",35731.6825197726,31498.8901532146,1.13437909545286,4232.79236655794
"JAM","Zinc",7055.49368422318,6219.69649520607,1.13437909545286,835.797189017107
"JOR","Calcium",2658.27941385401,2352.74216970295,1.12986431241194,305.537244151053
"JOR","DHA+EPA",2.22727981192287,1.97128078783926,1.12986431241194,0.255999024083615
"JOR","Iron",39.1899982138573,34.6855793065963,1.12986431241194,4.50441890726098
"JOR","Vitamin A",147.671782763511,130.698687569194,1.12986431241194,16.9730951943165
"JOR","Vitamin B12",36.9595493561211,32.7114937166419,1.12986431241194,4.24805563947924
"JOR","Zinc",6.26290448902158,5.54305894984155,1.12986431241194,0.719845539180031
"JPN","Calcium",220292.363613871,191820.485336339,1.14842981044287,28471.8782775324
"JPN","DHA+EPA",3033.23711444784,2641.20374346442,1.14842981044287,392.033370983427
"JPN","Iron",4505.84955206732,3923.48710482334,1.14842981044287,582.362447243979
"JPN","Vitamin A",104898.578302301,91340.8702460001,1.14842981044287,13557.7080563007
"JPN","Vitamin B12",17167.6200075198,14948.7760169683,1.14842981044287,2218.84399055154
"JPN","Zinc",5622.60702300979,4895.90828440924,1.14842981044287,726.698738600548
"KEN","Calcium",3454991.3974052,3187312.04522167,1.08398278812544,267679.352183522
"KEN","DHA+EPA",7040.46874906181,6495.00049833546,1.08398278812544,545.468250726349
"KEN","Iron",32656.050452885,30125.9861416784,1.08398278812544,2530.06431120659
"KEN","Vitamin A",1509090.83948091,1392172.32599295,1.08398278812544,116918.51348797
"KEN","Vitamin B12",41366.7890958664,38161.850491559,1.08398278812544,3204.9386043074
"KEN","Zinc",7611.79445250819,7022.06209904076,1.08398278812544,589.732353467439
"KHM","Calcium",109725.690040242,102141.716413003,1.07424952207161,7583.97362723942
"KHM","DHA+EPA",719.279181101855,669.564348248234,1.07424952207161,49.7148328536209
"KHM","Iron",948.365214335599,882.816510364135,1.07424952207161,65.5487039714642
"KHM","Vitamin A",115287.983074723,107319.557240667,1.07424952207161,7968.4258340564
"KHM","Vitamin B12",4257.01439341951,3962.77988116781,1.07424952207161,294.234512251704
"KHM","Zinc",1032.55111295029,961.183683804753,1.07424952207161,71.3674291455332
"KIR","Calcium",4552299.35748582,4333038.05735986,1.05060220963292,219261.300125962
"KIR","DHA+EPA",2963.43889846016,2820.70499308732,1.05060220963292,142.733905372841
"KIR","Iron",31191.3522435873,29689.0221223554,1.05060220963292,1502.33012123196
"KIR","Vitamin A",630446.612835615,600081.179208532,1.05060220963292,30365.4336270826
"KIR","Vitamin B12",21464.812832114,20430.9610576716,1.05060220963292,1033.85177444241
"KIR","Zinc",2958.36333267331,2815.87389170536,1.05060220963292,142.489440967953
"KNA","Calcium",3138.20795171396,2958.98111051308,1.06057045804182,179.226841200879
"KNA","DHA+EPA",17.1033939709567,16.1265985124038,1.06057045804182,0.976795458552886
"KNA","Iron",36.2011883809315,34.1336948492525,1.06057045804182,2.06749353167903
"KNA","Vitamin A",1740.88104288289,1641.45722679958,1.06057045804182,99.4238160833111
"KNA","Vitamin B12",43.5981272818066,41.1081856478481,1.06057045804182,2.48994163395846
"KNA","Zinc",11.2018600635164,10.562108324419,1.06057045804182,0.639751739097409
"KOR","Calcium",NA,NA,NA,NA
"KOR","DHA+EPA",NA,NA,NA,NA
"KOR","Iron",NA,NA,NA,NA
"KOR","Vitamin A",NA,NA,NA,NA
"KOR","Vitamin B12",NA,NA,NA,NA
"KOR","Zinc",NA,NA,NA,NA
"KWT","Calcium",263964.258045186,247426.601867068,1.06683863438016,16537.6561781185
"KWT","DHA+EPA",334.871298344486,313.89123673708,1.06683863438016,20.980061607406
"KWT","Iron",4258.9294361113,3992.10274062278,1.06683863438016,266.826695488521
"KWT","Vitamin A",26329.6030519693,24680.0239543883,1.06683863438016,1649.57909758096
"KWT","Vitamin B12",2605.35353052432,2442.12521609516,1.06683863438016,163.228314429155
"KWT","Zinc",611.67310948439,573.351104630529,1.06683863438016,38.3220048538609
"LBN","Calcium",NA,NA,NA,NA
"LBN","DHA+EPA",NA,NA,NA,NA
"LBN","Iron",NA,NA,NA,NA
"LBN","Vitamin A",NA,NA,NA,NA
"LBN","Vitamin B12",NA,NA,NA,NA
"LBN","Zinc",NA,NA,NA,NA
"LBR","Calcium",NA,NA,NA,NA
"LBR","DHA+EPA",NA,NA,NA,NA
"LBR","Iron",NA,NA,NA,NA
"LBR","Vitamin A",NA,NA,NA,NA
"LBR","Vitamin B12",NA,NA,NA,NA
"LBR","Zinc",NA,NA,NA,NA
"LBY","Calcium",NA,NA,NA,NA
"LBY","DHA+EPA",NA,NA,NA,NA
"LBY","Iron",NA,NA,NA,NA
"LBY","Vitamin A",NA,NA,NA,NA
"LBY","Vitamin B12",NA,NA,NA,NA
"LBY","Zinc",NA,NA,NA,NA
"LCA","Calcium",96363.9778848066,91691.155484366,1.05096262966429,4672.82240044061
"LCA","DHA+EPA",239.3610692258,227.754120336571,1.05096262966429,11.6069488892289
"LCA","Iron",733.562198101339,697.990753806023,1.05096262966429,35.5714442953154
"LCA","Vitamin A",43682.8963554161,41564.6523695802,1.05096262966429,2118.24398583589
"LCA","Vitamin B12",812.027773915988,772.651425460651,1.05096262966429,39.3763484553373
"LCA","Zinc",186.369433328715,177.332122064366,1.05096262966429,9.03731126434903
"LKA","Calcium",476896.58546022,422279.852005006,1.12933776782361,54616.7334552137
"LKA","DHA+EPA",2178.11875250676,1928.66900812526,1.12933776782361,249.449744381505
"LKA","Iron",6395.89493942726,5663.40303287032,1.12933776782361,732.491906556936
"LKA","Vitamin A",98444.6489981478,87170.2441935187,1.12933776782361,11274.4048046291
"LKA","Vitamin B12",12385.0826438605,10966.6771064676,1.12933776782361,1418.40553739286
"LKA","Zinc",1224.35678523606,1084.13693415705,1.12933776782361,140.21985107901
"LTU","Calcium",NA,NA,NA,NA
"LTU","DHA+EPA",NA,NA,NA,NA
"LTU","Iron",NA,NA,NA,NA
"LTU","Vitamin A",NA,NA,NA,NA
"LTU","Vitamin B12",NA,NA,NA,NA
"LTU","Zinc",NA,NA,NA,NA
"LVA","Calcium",NA,NA,NA,NA
"LVA","DHA+EPA",NA,NA,NA,NA
"LVA","Iron",NA,NA,NA,NA
"LVA","Vitamin A",NA,NA,NA,NA
"LVA","Vitamin B12",NA,NA,NA,NA
"LVA","Zinc",NA,NA,NA,NA
"MAF","Calcium",301.179680665376,286.290234672453,1.05200822169138,14.8894459929232
"MAF","DHA+EPA",0.340083213711785,0.323270490381729,1.05200822169138,0.0168127233300553
"MAF","Iron",3.16038691544489,3.00414659342084,1.05200822169138,0.156240322024046
"MAF","Vitamin A",38.837783739944,36.9177568569777,1.05200822169138,1.9200268829663
"MAF","Vitamin B12",1.49058902724326,1.41689864823179,1.05200822169138,0.0736903790114611
"MAF","Zinc",0.400909927112683,0.381090108277018,1.05200822169138,0.0198198188356646
"MAR","Calcium",NA,NA,NA,NA
"MAR","DHA+EPA",NA,NA,NA,NA
"MAR","Iron",NA,NA,NA,NA
"MAR","Vitamin A",NA,NA,NA,NA
"MAR","Vitamin B12",NA,NA,NA,NA
"MAR","Zinc",NA,NA,NA,NA
"MDG","Calcium",18291227.1326818,15880035.9140132,1.15183789455671,2411191.21866867
"MDG","DHA+EPA",22946.9287704752,19922.012358611,1.15183789455671,3024.91641186421
"MDG","Iron",168952.081386903,146680.433232252,1.15183789455671,22271.6481546509
"MDG","Vitamin A",3786959.40392123,3287753.79054416,1.15183789455671,499205.613377063
"MDG","Vitamin B12",153959.017183814,133663.788898928,1.15183789455671,20295.2282848856
"MDG","Zinc",26451.6791748038,22964.7585826163,1.15183789455671,3486.92059218755
"MDV","Calcium",938220.173686363,835435.024223403,1.1230318893543,102785.14946296
"MDV","DHA+EPA",1561.05809778097,1390.03897625607,1.1230318893543,171.0191215249
"MDV","Iron",5595.40977021687,4982.41396638703,1.1230318893543,612.995803829845
"MDV","Vitamin A",130077.927096715,115827.456308035,1.1230318893543,14250.4707886801
"MDV","Vitamin B12",7307.64135074961,6507.0648661199,1.1230318893543,800.576484629711
"MDV","Zinc",754.558025246208,671.8936767504,1.1230318893543,82.6643484958084
"MEX","Calcium",1787301.99513278,1553777.71245486,1.15029452463246,233524.28267792
"MEX","DHA+EPA",4652.23670217125,4044.38741778564,1.15029452463246,607.849284385612
"MEX","Iron",13215.5532214858,11488.8430210588,1.15029452463246,1726.71020042703
"MEX","Vitamin A",425485.283066755,369892.470106909,1.15029452463246,55592.8129598458
"MEX","Vitamin B12",20061.8192191704,17440.593508502,1.15029452463246,2621.22571066835
"MEX","Zinc",2392.06708650016,2079.52575212376,1.15029452463246,312.541334376407
"MHL","Calcium",842066.476155426,750284.22971587,1.12232996883636,91782.2464395561
"MHL","DHA+EPA",1599.25387646631,1424.94090051291,1.12232996883636,174.312975953402
"MHL","Iron",8042.53278561113,7165.92535967802,1.12232996883636,876.607425933108
"MHL","Vitamin A",276260.44355992,246149.039258346,1.12232996883636,30111.4043015739
"MHL","Vitamin B12",8274.19922612814,7372.3409833802,1.12232996883636,901.858242747934
"MHL","Zinc",1617.29979289442,1441.01987633035,1.12232996883636,176.27991656407
"MLT","Calcium",NA,NA,NA,NA
"MLT","DHA+EPA",NA,NA,NA,NA
"MLT","Iron",NA,NA,NA,NA
"MLT","Vitamin A",NA,NA,NA,NA
"MLT","Vitamin B12",NA,NA,NA,NA
"MLT","Zinc",NA,NA,NA,NA
"MMR","Calcium",4737645.85325546,4056476.40050435,1.16792146323504,681169.452751117
"MMR","DHA+EPA",10049.5626568279,8604.65619750789,1.16792146323504,1444.90645932002
"MMR","Iron",36088.5417494393,30899.8018149928,1.16792146323504,5188.73993444648
"MMR","Vitamin A",754313.929319204,645860.148189945,1.16792146323505,108453.781129259
"MMR","Vitamin B12",37459.1476301373,32073.3446634148,1.16792146323505,5385.80296672254
"MMR","Zinc",7692.52719673456,6586.51068491104,1.16792146323505,1106.01651182352
"MNE","Calcium",NA,NA,NA,NA
"MNE","DHA+EPA",NA,NA,NA,NA
"MNE","Iron",NA,NA,NA,NA
"MNE","Vitamin A",NA,NA,NA,NA
"MNE","Vitamin B12",NA,NA,NA,NA
"MNE","Zinc",NA,NA,NA,NA
"MNP","Calcium",537162.317698433,538097.032179405,0.998262925782759,-934.714480972616
"MNP","DHA+EPA",1394.06083196479,1396.48663288951,0.998262925782759,-2.42580092471371
"MNP","Iron",4449.86772278307,4457.61092378927,0.998262925782759,-7.74320100620571
"MNP","Vitamin A",308815.265875616,309352.6343608,0.998262925782759,-537.368485183688
"MNP","Vitamin B12",6313.05383878509,6324.03916416598,0.998262925782759,-10.9853253808933
"MNP","Zinc",1210.91981548257,1213.02693329321,0.998262925782759,-2.10711781064242
"MOZ","Calcium",9369981.0681409,8171172.66605618,1.14671191652389,1198808.40208473
"MOZ","DHA+EPA",28865.852324226,25172.7150544743,1.14671191652389,3693.13726975171
"MOZ","Iron",114076.019167324,99480.9747099608,1.14671191652389,14595.044457363
"MOZ","Vitamin A",4681727.7401,4082740.98545348,1.14671191652389,598986.754646516
"MOZ","Vitamin B12",179648.72643207,156664.218661521,1.14671191652389,22984.5077705495
"MOZ","Zinc",35714.9971542493,31145.5707746674,1.14671191652389,4569.42637958191
"MRT","Calcium",NA,NA,NA,NA
"MRT","DHA+EPA",NA,NA,NA,NA
"MRT","Iron",NA,NA,NA,NA
"MRT","Vitamin A",NA,NA,NA,NA
"MRT","Vitamin B12",NA,NA,NA,NA
"MRT","Zinc",NA,NA,NA,NA
"MSR","Calcium",6996.50881684596,6518.09096522059,1.07339846193895,478.417851625361
"MSR","DHA+EPA",42.1292627308658,39.2484843464047,1.07339846193895,2.88077838446107
"MSR","Iron",99.3175323844366,92.5262480859464,1.07339846193895,6.79128429849023
"MSR","Vitamin A",2796.98136659796,2605.72514846499,1.07339846193895,191.256218132974
"MSR","Vitamin B12",117.355323492811,109.330623858753,1.07339846193895,8.02469963405838
"MSR","Zinc",31.1921324812552,29.0592297150406,1.07339846193895,2.13290276621462
"MTQ","Calcium",0,0,NA,0
"MTQ","DHA+EPA",0,0,NA,0
"MTQ","Iron",0,0,NA,0
"MTQ","Vitamin A",0,0,NA,0
"MTQ","Vitamin B12",0,0,NA,0
"MTQ","Zinc",0,0,NA,0
"MUS","Calcium",11862892.4235892,10296847.1218383,1.15208978857514,1566045.30175088
"MUS","DHA+EPA",8517.93402291376,7393.46369300647,1.15208978857514,1124.47032990729
"MUS","Iron",130956.838448609,113668.951627956,1.15208978857514,17287.886820653
"MUS","Vitamin A",1671776.87448964,1451082.10407562,1.15208978857514,220694.770414023
"MUS","Vitamin B12",116871.893172474,101443.389509612,1.15208978857514,15428.503662862
"MUS","Zinc",17692.2185243117,15356.6316616631,1.15208978857514,2335.58686264857
"MYS","Calcium",28137213.5351012,25831318.2411097,1.08926742617114,2305895.29399148
"MYS","DHA+EPA",53965.4275362062,49542.8636160533,1.08926742617114,4422.56392015288
"MYS","Iron",259434.659421439,238173.522119698,1.08926742617114,21261.1373017405
"MYS","Vitamin A",8528964.46697091,7830000.47743178,1.08926742617114,698963.98953913
"MYS","Vitamin B12",257177.532158526,236101.370498634,1.08926742617114,21076.1616598917
"MYS","Zinc",47236.5183702949,43365.4006678001,1.08926742617114,3871.11770249474
"MYT","Calcium",81341.7368312005,71852.0227352734,1.13207302640443,9489.71409592712
"MYT","DHA+EPA",87.9935634580825,77.7278156141205,1.13207302640443,10.265747843962
"MYT","Iron",644.814994398166,569.587808700082,1.13207302640442,75.2271856980843
"MYT","Vitamin A",12263.9100296921,10833.143925921,1.13207302640442,1430.7661037711
"MYT","Vitamin B12",578.237494378296,510.777556651831,1.13207302640442,67.4599377264649
"MYT","Zinc",76.765351187018,67.8095400177781,1.13207302640442,8.95581116923992
"NAM","Calcium",NA,NA,NA,NA
"NAM","DHA+EPA",NA,NA,NA,NA
"NAM","Iron",NA,NA,NA,NA
"NAM","Vitamin A",NA,NA,NA,NA
"NAM","Vitamin B12",NA,NA,NA,NA
"NAM","Zinc",NA,NA,NA,NA
"NCL","Calcium",14559546.726836,13338277.3960443,1.0915612484678,1221269.33079169
"NCL","DHA+EPA",13766.0145689575,12611.3075086538,1.0915612484678,1154.70706030372
"NCL","Iron",121946.289521812,111717.31287913,1.0915612484678,10228.9766426813
"NCL","Vitamin A",2062563.1345441,1889553.27741734,1.0915612484678,173009.85712676
"NCL","Vitamin B12",90196.3529872107,82630.5927531021,1.0915612484678,7565.7602341086
"NCL","Zinc",14983.8049686938,13726.9484325558,1.0915612484678,1256.85653613796
"NFK","Calcium",NA,NA,NA,NA
"NFK","DHA+EPA",NA,NA,NA,NA
"NFK","Iron",NA,NA,NA,NA
"NFK","Vitamin A",NA,NA,NA,NA
"NFK","Vitamin B12",NA,NA,NA,NA
"NFK","Zinc",NA,NA,NA,NA
"NGA","Calcium",NA,NA,NA,NA
"NGA","DHA+EPA",NA,NA,NA,NA
"NGA","Iron",NA,NA,NA,NA
"NGA","Vitamin A",NA,NA,NA,NA
"NGA","Vitamin B12",NA,NA,NA,NA
"NGA","Zinc",NA,NA,NA,NA
"NIC","Calcium",10774955.5287173,9427215.75720237,1.14296265262469,1347739.77151493
"NIC","DHA+EPA",6030.50747377722,5276.20693460876,1.14296265262469,754.300539168456
"NIC","Iron",57864.9614572287,50627.1673220014,1.14296265262469,7237.79413522735
"NIC","Vitamin A",1870344.07944542,1636399.99535451,1.14296265262469,233944.084090911
"NIC","Vitamin B12",34448.4431913436,30139.6052725227,1.14296265262469,4308.83791882094
"NIC","Zinc",3895.96719686867,3408.65660651466,1.14296265262469,487.310590354011
"NIU","Calcium",44953.7645331567,43225.2741382585,1.03998795679975,1728.49039489824
"NIU","DHA+EPA",435.353465915169,418.613949391141,1.03998795679975,16.7395165240277
"NIU","Iron",563.433898654131,541.769637783044,1.03998795679975,21.6642608710872
"NIU","Vitamin A",53546.5540492365,51487.6674283899,1.03998795679975,2058.88662084659
"NIU","Vitamin B12",1175.3996532426,1130.20506204662,1.03998795679975,45.194591195984
"NIU","Zinc",251.171762495946,241.514106825669,1.03998795679975,9.65765567027623
"NLD","Calcium",NA,NA,NA,NA
"NLD","DHA+EPA",NA,NA,NA,NA
"NLD","Iron",NA,NA,NA,NA
"NLD","Vitamin A",NA,NA,NA,NA
"NLD","Vitamin B12",NA,NA,NA,NA
"NLD","Zinc",NA,NA,NA,NA
"NOR","Calcium",NA,NA,NA,NA
"NOR","DHA+EPA",NA,NA,NA,NA
"NOR","Iron",NA,NA,NA,NA
"NOR","Vitamin A",NA,NA,NA,NA
"NOR","Vitamin B12",NA,NA,NA,NA
"NOR","Zinc",NA,NA,NA,NA
"NRU","Calcium",390535.970157898,350784.74944533,1.11332083500045,39751.2207125682
"NRU","DHA+EPA",137.484937088005,123.49085076446,1.11332083500045,13.9940863235446
"NRU","Iron",1941.09914079483,1743.52179512929,1.11332083500045,197.577345665534
"NRU","Vitamin A",50691.1218920375,45531.4589455402,1.11332083500045,5159.6629464973
"NRU","Vitamin B12",896.630487663188,805.365766520327,1.11332083500045,91.2647211428605
"NRU","Zinc",57.5905578113029,51.7286266463159,1.11332083500045,5.86193116498701
"NZL","Calcium",NA,NA,NA,NA
"NZL","DHA+EPA",NA,NA,NA,NA
"NZL","Iron",NA,NA,NA,NA
"NZL","Vitamin A",NA,NA,NA,NA
"NZL","Vitamin B12",NA,NA,NA,NA
"NZL","Zinc",NA,NA,NA,NA
"OMN","Calcium",4535854.01375819,3940029.92166673,1.15122324041626,595824.092091463
"OMN","DHA+EPA",10673.9617903758,9271.84356225844,1.15122324041626,1402.11822811736
"OMN","Iron",48170.2759862494,41842.6889721511,1.15122324041626,6327.58701409836
"OMN","Vitamin A",815256.237175788,708165.200765933,1.15122324041626,107091.036409855
"OMN","Vitamin B12",46687.0662750673,40554.3118276401,1.15122324041626,6132.75444742717
"OMN","Zinc",9024.67196980775,7839.20238314908,1.15122324041626,1185.46958665867
"PAK","Calcium",NA,NA,NA,NA
"PAK","DHA+EPA",NA,NA,NA,NA
"PAK","Iron",NA,NA,NA,NA
"PAK","Vitamin A",NA,NA,NA,NA
"PAK","Vitamin B12",NA,NA,NA,NA
"PAK","Zinc",NA,NA,NA,NA
"PAN","Calcium",20494936.042316,18132236.747329,1.1303037969287,2362699.29498706
"PAN","DHA+EPA",7230.90240055856,6397.30877681436,1.1303037969287,833.593623744206
"PAN","Iron",101869.782185195,90126.0196258731,1.1303037969287,11743.7625593217
"PAN","Vitamin A",2660398.22415168,2353701.9263145,1.1303037969287,306696.297837174
"PAN","Vitamin B12",47098.5896935938,41668.9653008083,1.1303037969287,5429.62439278555
"PAN","Zinc",3031.05505248454,2681.62865657943,1.1303037969287,349.426395905107
"PER","Calcium",NA,NA,NA,NA
"PER","DHA+EPA",NA,NA,NA,NA
"PER","Iron",NA,NA,NA,NA
"PER","Vitamin A",NA,NA,NA,NA
"PER","Vitamin B12",NA,NA,NA,NA
"PER","Zinc",NA,NA,NA,NA
"PHL","Calcium",96247216.6683999,87265323.7629609,1.10292625430276,8981892.90543906
"PHL","DHA+EPA",431967.3641442,391655.709036756,1.10292625430276,40311.6551074443
"PHL","Iron",822639.805996098,745870.181969827,1.10292625430276,76769.6240262712
"PHL","Vitamin A",41588981.2311353,37707853.1487373,1.10292625430276,3881128.082398
"PHL","Vitamin B12",1993466.09550795,1807433.71347903,1.10292625430276,186032.382028921
"PHL","Zinc",237089.114063449,214963.705087727,1.10292625430276,22125.4089757225
"PLW","Calcium",2096.20863310545,1764.73161935954,1.18783423502448,331.477013745907
"PLW","DHA+EPA",3.35666214712433,2.82586748903996,1.18783423502448,0.530794658084364
"PLW","Iron",19.7723764270079,16.6457371272856,1.18783423502448,3.12663929972224
"PLW","Vitamin A",670.440404014195,564.422529883034,1.18783423502448,106.01787413116
"PLW","Vitamin B12",20.1744407478627,16.9842223375949,1.18783423502448,3.19021841026778
"PLW","Zinc",3.59450728859274,3.02610177632965,1.18783423502448,0.568405512263092
"PNG","Calcium",92790555.2751069,84360920.2141404,1.09992346028906,8429635.06096655
"PNG","DHA+EPA",130987.264739004,119087.617882593,1.09992346028906,11899.6468564105
"PNG","Iron",884228.690211062,803900.200454569,1.09992346028906,80328.4897564929
"PNG","Vitamin A",22473826.1533102,20432172.7508239,1.09992346028906,2041653.40248625
"PNG","Vitamin B12",871769.095686109,792572.508142525,1.09992346028906,79196.5875435836
"PNG","Zinc",155479.221850385,141354.582808448,1.09992346028906,14124.6390419371
"PRI","Calcium",2577657.30004437,2372993.71942451,1.08624699633402,204663.580619866
"PRI","DHA+EPA",1201.80265419829,1106.38064662481,1.08624699633402,95.4220075734838
"PRI","Iron",13762.6429218971,12669.9019360649,1.08624699633402,1092.74098583222
"PRI","Vitamin A",337851.336264748,311026.255911375,1.08624699633402,26825.0803533732
"PRI","Vitamin B12",6887.49407592826,6340.63348315151,1.08624699633402,546.860592776752
"PRI","Zinc",693.863902209032,638.771756838689,1.08624699633402,55.0921453703438
"PRK","Calcium",NA,NA,NA,NA
"PRK","DHA+EPA",NA,NA,NA,NA
"PRK","Iron",NA,NA,NA,NA
"PRK","Vitamin A",NA,NA,NA,NA
"PRK","Vitamin B12",NA,NA,NA,NA
"PRK","Zinc",NA,NA,NA,NA
"PRT","Calcium",NA,NA,NA,NA
"PRT","DHA+EPA",NA,NA,NA,NA
"PRT","Iron",NA,NA,NA,NA
"PRT","Vitamin A",NA,NA,NA,NA
"PRT","Vitamin B12",NA,NA,NA,NA
"PRT","Zinc",NA,NA,NA,NA
"PYF","Calcium",24416205.8639251,22838996.6976003,1.06905772557385,1577209.16632487
"PYF","DHA+EPA",50617.1348930761,47347.4291258744,1.06905772557385,3269.70576720178
"PYF","Iron",204485.743340308,191276.615330145,1.06905772557385,13209.1280101633
"PYF","Vitamin A",6701640.94772455,6268736.27813434,1.06905772557385,432904.669590217
"PYF","Vitamin B12",215123.297127822,201227.017009159,1.06905772557385,13896.2801186623
"PYF","Zinc",33631.015272565,31458.5587551061,1.06905772557385,2172.45651745885
"QAT","Calcium",1245309.45485397,1141095.20258843,1.0913282713214,104214.252265545
"QAT","DHA+EPA",2262.83207017617,2073.46600435476,1.0913282713214,189.366065821412
"QAT","Iron",15570.4354324896,14267.4169098879,1.0913282713214,1303.01852260177
"QAT","Vitamin A",234141.27566938,214547.063264362,1.0913282713214,19594.2124050174
"QAT","Vitamin B12",18848.8409988484,17271.4677097349,1.0913282713214,1577.37328911348
"QAT","Zinc",2647.35722084041,2425.81200396736,1.0913282713214,221.545216873042
"REU","Calcium",68518.6746188731,61101.4290668948,1.12139234163996,7417.24555197834
"REU","DHA+EPA",51.8971972997849,46.2792506892715,1.12139234163996,5.61794661051344
"REU","Iron",418.505253300847,373.201454799318,1.12139234163996,45.3037985015292
"REU","Vitamin A",9526.44639616362,8495.19480597828,1.12139234163996,1031.25159018533
"REU","Vitamin B12",268.75364412524,239.66067374083,1.12139234163996,29.09297038441
"REU","Zinc",31.5172142066551,28.1054302195103,1.12139234163996,3.41178398714487
"ROU","Calcium",NA,NA,NA,NA
"ROU","DHA+EPA",NA,NA,NA,NA
"ROU","Iron",NA,NA,NA,NA
"ROU","Vitamin A",NA,NA,NA,NA
"ROU","Vitamin B12",NA,NA,NA,NA
"ROU","Zinc",NA,NA,NA,NA
"RUS","Calcium",NA,NA,NA,NA
"RUS","DHA+EPA",NA,NA,NA,NA
"RUS","Iron",NA,NA,NA,NA
"RUS","Vitamin A",NA,NA,NA,NA
"RUS","Vitamin B12",NA,NA,NA,NA
"RUS","Zinc",NA,NA,NA,NA
"SAU","Calcium",16443423.8358441,14454830.3751016,1.1375729364606,1988593.46074255
"SAU","DHA+EPA",30608.6521203625,26906.9798861401,1.1375729364606,3701.67223422249
"SAU","Iron",220746.803546905,194050.681474305,1.1375729364606,26696.1220726001
"SAU","Vitamin A",2539839.28926433,2232682.58927352,1.1375729364606,307156.699990807
"SAU","Vitamin B12",195362.85264514,171736.551023256,1.1375729364606,23626.3016218844
"SAU","Zinc",34106.9706064402,29982.2275242934,1.1375729364606,4124.74308214676
"SDN","Calcium",7354980.90629138,6640089.77931316,1.10766287064453,714891.126978227
"SDN","DHA+EPA",10832.4363425709,9779.54270171371,1.10766287064453,1052.89364085722
"SDN","Iron",68383.1266491595,61736.4077658113,1.10766287064453,6646.71888334822
"SDN","Vitamin A",942903.366909451,851254.8284306,1.10766287064453,91648.5384788513
"SDN","Vitamin B12",62989.181750189,56866.7447646204,1.10766287064453,6122.43698556857
"SDN","Zinc",9977.81012736054,9007.98464207314,1.10766287064453,969.825485287394
"SEN","Calcium",NA,NA,NA,NA
"SEN","DHA+EPA",NA,NA,NA,NA
"SEN","Iron",NA,NA,NA,NA
"SEN","Vitamin A",NA,NA,NA,NA
"SEN","Vitamin B12",NA,NA,NA,NA
"SEN","Zinc",NA,NA,NA,NA
"SGP","Calcium",53732.3164989365,47113.1692041361,1.14049463041046,6619.14729480042
"SGP","DHA+EPA",55.9942774078803,49.0964849064903,1.14049463041046,6.89779250138995
"SGP","Iron",333.327119683122,292.265400287908,1.14049463041046,41.061719395214
"SGP","Vitamin A",10319.3857429039,9048.16688105754,1.14049463041046,1271.21886184632
"SGP","Vitamin B12",263.115077527003,230.702600881434,1.14049463041046,32.4124766455683
"SGP","Zinc",40.8342797160073,35.8040087407613,1.14049463041046,5.03027097524603
"SHN","Calcium",NA,NA,NA,NA
"SHN","DHA+EPA",NA,NA,NA,NA
"SHN","Iron",NA,NA,NA,NA
"SHN","Vitamin A",NA,NA,NA,NA
"SHN","Vitamin B12",NA,NA,NA,NA
"SHN","Zinc",NA,NA,NA,NA
"SLB","Calcium",79099864.712333,67721073.7490571,1.16802437311376,11378790.9632759
"SLB","DHA+EPA",50962.7341621428,43631.5674015301,1.16802437311376,7331.16676061277
"SLB","Iron",490212.788391378,419693.971868542,1.16802437311376,70518.8165228351
"SLB","Vitamin A",10430124.969664,8929715.17525706,1.16802437311376,1500409.79440698
"SLB","Vitamin B12",284386.270801597,243476.315518545,1.16802437311376,40909.9552830512
"SLB","Zinc",36907.1216865457,31597.9037219553,1.16802437311376,5309.21796459044
"SLE","Calcium",NA,NA,NA,NA
"SLE","DHA+EPA",NA,NA,NA,NA
"SLE","Iron",NA,NA,NA,NA
"SLE","Vitamin A",NA,NA,NA,NA
"SLE","Vitamin B12",NA,NA,NA,NA
"SLE","Zinc",NA,NA,NA,NA
"SLV","Calcium",NA,NA,NA,NA
"SLV","DHA+EPA",NA,NA,NA,NA
"SLV","Iron",NA,NA,NA,NA
"SLV","Vitamin A",NA,NA,NA,NA
"SLV","Vitamin B12",NA,NA,NA,NA
"SLV","Zinc",NA,NA,NA,NA
"SOM","Calcium",7187807.99336152,6204207.75122498,1.1585376056987,983600.242136534
"SOM","DHA+EPA",3790.860856706,3272.10859454128,1.1585376056987,518.752262164718
"SOM","Iron",100201.906194754,86489.9902272253,1.1585376056987,13711.9159675284
"SOM","Vitamin A",680115.574087894,587046.610090592,1.1585376056987,93068.9639973018
"SOM","Vitamin B12",28459.9213925215,24565.3841986058,1.1585376056987,3894.53719391569
"SOM","Zinc",5717.97118519291,4935.50762363425,1.1585376056987,782.463561558662
"SPM","Calcium",NA,NA,NA,NA
"SPM","DHA+EPA",NA,NA,NA,NA
"SPM","Iron",NA,NA,NA,NA
"SPM","Vitamin A",NA,NA,NA,NA
"SPM","Vitamin B12",NA,NA,NA,NA
"SPM","Zinc",NA,NA,NA,NA
"STP","Calcium",NA,NA,NA,NA
"STP","DHA+EPA",NA,NA,NA,NA
"STP","Iron",NA,NA,NA,NA
"STP","Vitamin A",NA,NA,NA,NA
"STP","Vitamin B12",NA,NA,NA,NA
"STP","Zinc",NA,NA,NA,NA
"SUR","Calcium",NA,NA,NA,NA
"SUR","DHA+EPA",NA,NA,NA,NA
"SUR","Iron",NA,NA,NA,NA
"SUR","Vitamin A",NA,NA,NA,NA
"SUR","Vitamin B12",NA,NA,NA,NA
"SUR","Zinc",NA,NA,NA,NA
"SVN","Calcium",NA,NA,NA,NA
"SVN","DHA+EPA",NA,NA,NA,NA
"SVN","Iron",NA,NA,NA,NA
"SVN","Vitamin A",NA,NA,NA,NA
"SVN","Vitamin B12",NA,NA,NA,NA
"SVN","Zinc",NA,NA,NA,NA
"SWE","Calcium",NA,NA,NA,NA
"SWE","DHA+EPA",NA,NA,NA,NA
"SWE","Iron",NA,NA,NA,NA
"SWE","Vitamin A",NA,NA,NA,NA
"SWE","Vitamin B12",NA,NA,NA,NA
"SWE","Zinc",NA,NA,NA,NA
"SXM","Calcium",1629.54769127483,1577.04480265554,1.03329194486478,52.5028886192918
"SXM","DHA+EPA",0.674810420589024,0.653068500091069,1.03329194486478,0.0217419204979549
"SXM","Iron",9.43431168784952,9.13034475371252,1.03329194486478,0.303966934137007
"SXM","Vitamin A",207.716520225138,201.024039002183,1.03329194486478,6.69248122295556
"SXM","Vitamin B12",4.23221149572702,4.09585259689687,1.03329194486478,0.136358898830147
"SXM","Zinc",0.489065054215935,0.473307719707364,1.03329194486478,0.0157573345085711
"SYC","Calcium",53047877.6035174,45946241.7843493,1.15456401967543,7101635.81916805
"SYC","DHA+EPA",33366.2706272103,28899.4547366809,1.15456401967543,4466.81589052943
"SYC","Iron",330663.014986534,286396.431338204,1.15456401967543,44266.5836483298
"SYC","Vitamin A",8394586.05934166,7270784.39678171,1.15456401967543,1123801.66255995
"SYC","Vitamin B12",212205.78918402,183797.334377071,1.15456401967543,28408.4548069484
"SYC","Zinc",27612.5953613022,23916.0366084028,1.15456401967543,3696.55875289938
"SYR","Calcium",NA,NA,NA,NA
"SYR","DHA+EPA",NA,NA,NA,NA
"SYR","Iron",NA,NA,NA,NA
"SYR","Vitamin A",NA,NA,NA,NA
"SYR","Vitamin B12",NA,NA,NA,NA
"SYR","Zinc",NA,NA,NA,NA
"TCA","Calcium",3185042.37567232,2958301.28517902,1.07664570597635,226741.090493301
"TCA","DHA+EPA",5087.8259203382,4725.626909666,1.07664570597635,362.199010672206
"TCA","Iron",18300.2698257741,16997.4855462582,1.07664570597635,1302.78427951584
"TCA","Vitamin A",570190.025873836,529598.569621155,1.07664570597635,40591.4562526806
"TCA","Vitamin B12",18588.020332167,17264.7512816767,1.07664570597635,1323.26905049027
"TCA","Zinc",2605.56660185648,2420.07801395876,1.07664570597635,185.488587897721
"TGO","Calcium",NA,NA,NA,NA
"TGO","DHA+EPA",NA,NA,NA,NA
"TGO","Iron",NA,NA,NA,NA
"TGO","Vitamin A",NA,NA,NA,NA
"TGO","Vitamin B12",NA,NA,NA,NA
"TGO","Zinc",NA,NA,NA,NA
"THA","Calcium",643920.642966789,612497.410970495,1.05130345277134,31423.2319962938
"THA","DHA+EPA",2701.90331462411,2570.05083308879,1.05130345277134,131.852481535318
"THA","Iron",6377.82736558724,6066.59033485969,1.05130345277134,311.237030727551
"THA","Vitamin A",390608.197286637,371546.575117731,1.05130345277134,19061.6221689062
"THA","Vitamin B12",11162.395563947,10617.6723138518,1.05130345277134,544.723250095274
"THA","Zinc",2225.00040005607,2116.42071011062,1.05130345277134,108.57968994545
"TLS","Calcium",259960.015135369,229403.691946475,1.1331989164151,30556.3231888939
"TLS","DHA+EPA",284.500251939196,251.05941050422,1.1331989164151,33.4408414349759
"TLS","Iron",1524.14769299783,1344.99572045083,1.1331989164151,179.151972546997
"TLS","Vitamin A",62260.8855845862,54942.5918809999,1.1331989164151,7318.29370358627
"TLS","Vitamin B12",1569.32907171597,1384.86637163454,1.1331989164151,184.462700081432
"TLS","Zinc",265.717192529742,234.48415691249,1.1331989164151,31.233035617252
"TON","Calcium",5952011.20328657,5677801.41740676,1.04829506453663,274209.785879801
"TON","DHA+EPA",25517.7580261819,24342.1522140443,1.04829506453663,1175.60581213762
"TON","Iron",83325.8230807908,79486.9935952842,1.04829506453663,3838.82948550656
"TON","Vitamin A",4942641.52265612,4714933.50475794,1.04829506453663,227708.017898181
"TON","Vitamin B12",125027.913508191,119267.864304462,1.04829506453663,5760.04920372945
"TON","Zinc",26185.1932690442,24978.8386446509,1.04829506453663,1206.35462439336
"TTO","Calcium",779786.606130886,705959.836651687,1.10457644422005,73826.7694791992
"TTO","DHA+EPA",684.715273990396,619.889440493981,1.10457644422005,64.8258334964155
"TTO","Iron",4339.91853375615,3929.0341166207,1.10457644422005,410.884417135449
"TTO","Vitamin A",117296.883368578,106191.729854788,1.10457644422005,11105.1535137896
"TTO","Vitamin B12",2838.29468677451,2569.57741732276,1.10457644422005,268.717269451748
"TTO","Zinc",398.096311148189,360.406301647406,1.10457644422005,37.6900095007837
"TUN","Calcium",NA,NA,NA,NA
"TUN","DHA+EPA",NA,NA,NA,NA
"TUN","Iron",NA,NA,NA,NA
"TUN","Vitamin A",NA,NA,NA,NA
"TUN","Vitamin B12",NA,NA,NA,NA
"TUN","Zinc",NA,NA,NA,NA
"TUR","Calcium",NA,NA,NA,NA
"TUR","DHA+EPA",NA,NA,NA,NA
"TUR","Iron",NA,NA,NA,NA
"TUR","Vitamin A",NA,NA,NA,NA
"TUR","Vitamin B12",NA,NA,NA,NA
"TUR","Zinc",NA,NA,NA,NA
"TUV","Calcium",3571137.32215391,2970233.57930848,1.20230858173293,600903.742845434
"TUV","DHA+EPA",32012.8649654848,26626.1635755302,1.20230858173293,5386.7013899546
"TUV","Iron",60302.3549038141,50155.4724136611,1.20230858173293,10146.8824901531
"TUV","Vitamin A",1899709.50968645,1580051.52632973,1.20230858173293,319657.983356725
"TUV","Vitamin B12",126890.985489274,105539.449203948,1.20230858173293,21351.5362853258
"TUV","Zinc",27040.5136360928,22490.4937442252,1.20230858173293,4550.01989186762
"TWN","Calcium",1012719.74904887,924285.051090458,1.09567903089428,88434.6979584086
"TWN","DHA+EPA",3598.8528352537,3284.58675741595,1.09567903089428,314.266077837755
"TWN","Iron",11412.4032309596,10415.8269978434,1.09567903089428,996.576233116173
"TWN","Vitamin A",350553.157183964,319941.467619258,1.09567903089428,30611.6895647055
"TWN","Vitamin B12",14754.5200939515,13466.0969845421,1.09567903089428,1288.42310940942
"TWN","Zinc",3288.53743826934,3001.36932946984,1.09567903089428,287.168108799501
"TZA","Calcium",7591591.20532908,7183677.63128683,1.05678339076153,407913.574042253
"TZA","DHA+EPA",15250.4211200588,14430.9810821961,1.05678339076153,819.440037862649
"TZA","Iron",72085.0123910564,68211.7196591355,1.05678339076153,3873.29273192091
"TZA","Vitamin A",3592763.66613548,3399716.24984234,1.05678339076153,193047.416293135
"TZA","Vitamin B12",84043.6389064049,79527.7817962693,1.05678339076153,4515.85711013559
"TZA","Zinc",16273.9248942776,15399.4896556335,1.05678339076153,874.435238644041
"UFC","Calcium",NA,NA,NA,NA
"UFC","DHA+EPA",NA,NA,NA,NA
"UFC","Iron",NA,NA,NA,NA
"UFC","Vitamin A",NA,NA,NA,NA
"UFC","Vitamin B12",NA,NA,NA,NA
"UFC","Zinc",NA,NA,NA,NA
"UKR","Calcium",NA,NA,NA,NA
"UKR","DHA+EPA",NA,NA,NA,NA
"UKR","Iron",NA,NA,NA,NA
"UKR","Vitamin A",NA,NA,NA,NA
"UKR","Vitamin B12",NA,NA,NA,NA
"UKR","Zinc",NA,NA,NA,NA
"URY","Calcium",NA,NA,NA,NA
"URY","DHA+EPA",NA,NA,NA,NA
"URY","Iron",NA,NA,NA,NA
"URY","Vitamin A",NA,NA,NA,NA
"URY","Vitamin B12",NA,NA,NA,NA
"URY","Zinc",NA,NA,NA,NA
"USA","Calcium",6610183.77214812,6245995.59574916,1.05830746609025,364188.176398966
"USA","DHA+EPA",15265.2501917456,14424.2109980956,1.05830746609025,841.039193650002
"USA","Iron",47785.3250929321,45152.5918733878,1.05830746609025,2632.73321954424
"USA","Vitamin A",1353161.20254058,1278608.76531432,1.05830746609025,74552.4372262554
"USA","Vitamin B12",59736.9629901332,56445.754097174,1.05830746609025,3291.20889295929
"USA","Zinc",16588.1597913679,15674.2348730188,1.05830746609025,913.924918349081
"VCT","Calcium",253992.64076292,217430.705285517,1.16815442616254,36561.9354774034
"VCT","DHA+EPA",427.902594144222,366.306529822351,1.16815442616254,61.5960643218706
"VCT","Iron",3084.69694401561,2640.65852504537,1.16815442616254,444.038418970237
"VCT","Vitamin A",32568.6553003634,27880.4364996102,1.16815442616254,4688.21880075321
"VCT","Vitamin B12",1979.3358328695,1694.41281780846,1.16815442616254,284.923015061041
"VCT","Zinc",438.115429829424,375.049240080918,1.16815442616254,63.0661897485053
"VEN","Calcium",3050219.53396761,2645454.64251861,1.15300390524316,404764.891448993
"VEN","DHA+EPA",3611.85361423668,3132.55974052834,1.15300390524316,479.293873708335
"VEN","Iron",20158.0764804969,17483.0947135827,1.15300390524316,2674.98176691418
"VEN","Vitamin A",420555.137129513,364747.365743589,1.15300390524316,55807.7713859241
"VEN","Vitamin B12",19047.0228834644,16519.4782054511,1.15300390524316,2527.54467801327
"VEN","Zinc",2077.03068857031,1801.40819916155,1.15300390524316,275.622489408764
"VGB","Calcium",2455987.51258144,2277284.12050263,1.07847215482246,178703.392078811
"VGB","DHA+EPA",1410.68414958734,1308.0394735083,1.07847215482246,102.644676079032
"VGB","Iron",12674.9003156121,11752.6449421392,1.07847215482246,922.255373472944
"VGB","Vitamin A",386861.75669738,358712.791023396,1.07847215482246,28148.9656739846
"VGB","Vitamin B12",7542.97412617346,6994.12969768811,1.07847215482246,548.844428485345
"VGB","Zinc",908.293537761062,842.203976894135,1.07847215482246,66.0895608669279
"VIR","Calcium",178902.241663605,163875.427763454,1.09169656552684,15026.8139001512
"VIR","DHA+EPA",141.266338549821,129.400735525487,1.09169656552684,11.8656030243346
"VIR","Iron",1282.95720974917,1175.19579181787,1.09169656552684,107.761417931299
"VIR","Vitamin A",28855.2751490709,26431.5891981812,1.09169656552684,2423.68595088965
"VIR","Vitamin B12",814.825290762157,746.384404322944,1.09169656552684,68.4408864392135
"VIR","Zinc",178.597218957116,163.596025302989,1.09169656552684,15.0011936541268
"VNM","Calcium",930975.760215241,864370.893959654,1.07705588737547,66604.8662555871
"VNM","DHA+EPA",10771.7401943231,10001.0968052655,1.07705588737547,770.643389057683
"VNM","Iron",16460.5740830664,15282.9340389912,1.07705588737547,1177.6400440752
"VNM","Vitamin A",2368630.8017104,2199171.67667334,1.07705588737547,169459.125037059
"VNM","Vitamin B12",43914.1569425198,40772.4032311158,1.07705588737547,3141.753711404
"VNM","Zinc",9862.72871828131,9157.11880310544,1.07705588737547,705.609915175868
"VUT","Calcium",4863771.07027997,4235326.63277628,1.14838157525804,628444.437503693
"VUT","DHA+EPA",17503.3213754089,15241.7295370451,1.14838157525804,2261.59183836381
"VUT","Iron",45741.8707748175,39831.595839161,1.14838157525804,5910.27493565647
"VUT","Vitamin A",2744570.98488792,2389946.89920134,1.14838157525804,354624.085686574
"VUT","Vitamin B12",72083.6717040795,62769.7912062741,1.14838157525804,9313.88049780548
"VUT","Zinc",15490.2821362874,13488.7936814962,1.14838157525804,2001.48845479116
"WLF","Calcium",6905175.7734051,6478092.51171132,1.06592731748145,427083.261693782
"WLF","DHA+EPA",16331.3397828369,15321.2508160728,1.06592731748145,1010.08896676412
"WLF","Iron",57332.0096471316,53786.0402926857,1.06592731748145,3545.96935444584
"WLF","Vitamin A",2436708.73251984,2285998.95373471,1.06592731748145,150709.778785126
"WLF","Vitamin B12",84282.8653777685,79069.9928555264,1.06592731748145,5212.87252224209
"WLF","Zinc",11495.7393831651,10784.7309986641,1.06592731748145,711.008384500943
"WSM","Calcium",2334706.89817801,2273064.11489615,1.02711880535084,61642.7832818534
"WSM","DHA+EPA",6295.66219795059,6129.43913124064,1.02711880535084,166.22306670995
"WSM","Iron",20304.9518104835,19768.8443680551,1.02711880535084,536.10744242838
"WSM","Vitamin A",1666079.71983305,1622090.56163074,1.02711880535084,43989.1582023024
"WSM","Vitamin B12",27132.5573963344,26416.1820959616,1.02711880535084,716.375300372791
"WSM","Zinc",5564.76713808382,5417.84174244869,1.02711880535084,146.925395635134
"YEM","Calcium",4773371.54601604,4291928.17355237,1.11217414481221,481443.372463674
"YEM","DHA+EPA",8338.58400256932,7497.55246645953,1.11217414481221,841.031536109786
"YEM","Iron",47820.9534002661,42997.7208365517,1.11217414481221,4823.23256371439
"YEM","Vitamin A",602488.720760706,541721.567230315,1.11217414481221,60767.1535303914
"YEM","Vitamin B12",48619.3630537386,43715.602705319,1.11217414481221,4903.76034841956
"YEM","Zinc",8915.3039459692,8016.10430125089,1.11217414481221,899.199644718309
"ZAF","Calcium",0,0,NA,0
"ZAF","DHA+EPA",0,0,NA,0
"ZAF","Iron",0,0,NA,0
"ZAF","Vitamin A",0,0,NA,0
"ZAF","Vitamin B12",0,0,NA,0
"ZAF","Zinc",0,0,NA,0
